Workbook

Sheet Summary
A1: Swastika Signal (reconstructed) - backtest summary, MCX 1h, Jan 2025 - Sep 2026
A3: Inputs (edit the yellow cells)
A4: Lots per trade | B4: 1 | C4: Number of standard lots per trade. All P&L scales with this.
A5: Silver: ₹ per point per lot | B5: 30 | C5: MCX SILVER lot = 30 kg, quoted in ₹/kg.
A6: Gold: ₹ per point per lot | B6: 100 | C6: MCX GOLD lot = 1 kg, quoted in ₹/10 g.
A8: Results by strategy (all formulas)
A9: Metal | B9: Strategy | C9: Description | D9: Trades | E9: Wins | F9: Win % | G9: Net P&L (₹) | H9: 2025 net (₹) | I9: 2026 net (₹) | J9: Avg win (₹) | K9: Avg loss (₹) | L9: Profit factor | M9: Max drawdown (₹) | N9: Profitable months % | O9: Best month (₹) | P9: Worst month (₹) | Q9: Trades / month
A10: SILVER | B10: V0 | C10: Real Buy/Sell, always in | D10: =COUNTIFS(Trades!$A$2:$A$2161,A10,Trades!$B$2:$B$2161,B10) -> 69 | E10: =COUNTIFS(Trades!$A$2:$A$2161,A10,Trades!$B$2:$B$2161,B10,Trades!$M$2:$M$2161,1) -> 33 | F10: =IF(D10=0,"",E10/D10) -> 0.47826087 | G10: =SUMIFS(Trades!$K$2:$K$2161,Trades!$A$2:$A$2161,A10,Trades!$B$2:$B$2161,B10) -> 6378578.1 | H10: =SUMIFS(Trades!$K$2:$K$2161,Trades!$A$2:$A$2161,A10,Trades!$B$2:$B$2161,B10,Trades!$E$2:$E$2161,">="&DATE(2025,1,1),Trades!$E$2:$E$2161,"<"&DATE(2026,1,1)) -> 1718459.7 | I10: =SUMIFS(Trades!$K$2:$K$2161,Trades!$A$2:$A$2161,A10,Trades!$B$2:$B$2161,B10,Trades!$E$2:$E$2161,">="&DATE(2026,1,1)) -> 4660118.4 | J10: =IFERROR(AVERAGEIFS(Trades!$K$2:$K$2161,Trades!$A$2:$A$2161,A10,Trades!$B$2:$B$2161,B10,Trades!$K$2:$K$2161,">0"),0) -> 406739.05 | K10: =IFERROR(AVERAGEIFS(Trades!$K$2:$K$2161,Trades!$A$2:$A$2161,A10,Trades!$B$2:$B$2161,B10,Trades!$K$2:$K$2161,"<=0"),0) -> -195661.4 | L10: =IFERROR(SUMIFS(Trades!$K$2:$K$2161,Trades!$A$2:$A$2161,A10,Trades!$B$2:$B$2161,B10,Trades!$K$2:$K$2161,">0")/-SUMIFS(Trades!$K$2:$K$2161,Trades!$A$2:$A$2161,A10,Trades!$B$2:$B$2161,B10,Trades!$K$2:$K$2161,"<=0"),"no losses") -> 1.9055579 | M10: =_xlfn.MINIFS(Trades!$P$2:$P$2161,Trades!$A$2:$A$2161,A10,Trades!$B$2:$B$2161,B10) -> -1535198.1 | N10: =IFERROR(COUNTIF('Silver Monthly'!D$5:D$25,">0")/COUNTIF('Silver Monthly'!B$5:B$25,">0"),"") -> 0.61904762 | O10: =MAX('Silver Monthly'!D$5:D$25) -> 3432137.1 | P10: =MIN('Silver Monthly'!D$5:D$25) -> -795427.2 | Q10: =D10/COUNT('Silver Monthly'!$A$5:$A$25) -> 3.2857143
A11: SILVER | B11: V1 | C11: Day filter | D11: =COUNTIFS(Trades!$A$2:$A$2161,A11,Trades!$B$2:$B$2161,B11) -> 32 | E11: =COUNTIFS(Trades!$A$2:$A$2161,A11,Trades!$B$2:$B$2161,B11,Trades!$M$2:$M$2161,1) -> 19 | F11: =IF(D11=0,"",E11/D11) -> 0.59375 | G11: =SUMIFS(Trades!$K$2:$K$2161,Trades!$A$2:$A$2161,A11,Trades!$B$2:$B$2161,B11) -> 5793475.8 | H11: =SUMIFS(Trades!$K$2:$K$2161,Trades!$A$2:$A$2161,A11,Trades!$B$2:$B$2161,B11,Trades!$E$2:$E$2161,">="&DATE(2025,1,1),Trades!$E$2:$E$2161,"<"&DATE(2026,1,1)) -> 2697719.1 | I11: =SUMIFS(Trades!$K$2:$K$2161,Trades!$A$2:$A$2161,A11,Trades!$B$2:$B$2161,B11,Trades!$E$2:$E$2161,">="&DATE(2026,1,1)) -> 3095756.7 | J11: =IFERROR(AVERAGEIFS(Trades!$K$2:$K$2161,Trades!$A$2:$A$2161,A11,Trades!$B$2:$B$2161,B11,Trades!$K$2:$K$2161,">0"),0) -> 398927.31 | K11: =IFERROR(AVERAGEIFS(Trades!$K$2:$K$2161,Trades!$A$2:$A$2161,A11,Trades!$B$2:$B$2161,B11,Trades!$K$2:$K$2161,"<=0"),0) -> -137395.62 | L11: =IFERROR(SUMIFS(Trades!$K$2:$K$2161,Trades!$A$2:$A$2161,A11,Trades!$B$2:$B$2161,B11,Trades!$K$2:$K$2161,">0")/-SUMIFS(Trades!$K$2:$K$2161,Trades!$A$2:$A$2161,A11,Trades!$B$2:$B$2161,B11,Trades!$K$2:$K$2161,"<=0"),"no losses") -> 4.2435677 | M11: =_xlfn.MINIFS(Trades!$P$2:$P$2161,Trades!$A$2:$A$2161,A11,Trades!$B$2:$B$2161,B11) -> -905013.9 | N11: =IFERROR(COUNTIF('Silver Monthly'!H$5:H$25,">0")/COUNTIF('Silver Monthly'!F$5:F$25,">0"),"") -> 0.63157895 | O11: =MAX('Silver Monthly'!H$5:H$25) -> 1803102.9 | P11: =MIN('Silver Monthly'!H$5:H$25) -> -528600.9 | Q11: =D11/COUNT('Silver Monthly'!$A$5:$A$25) -> 1.5238095
A12: SILVER | B12: W8 | C12: Day filter + profit lock | D12: =COUNTIFS(Trades!$A$2:$A$2161,A12,Trades!$B$2:$B$2161,B12) -> 32 | E12: =COUNTIFS(Trades!$A$2:$A$2161,A12,Trades!$B$2:$B$2161,B12,Trades!$M$2:$M$2161,1) -> 25 | F12: =IF(D12=0,"",E12/D12) -> 0.78125 | G12: =SUMIFS(Trades!$K$2:$K$2161,Trades!$A$2:$A$2161,A12,Trades!$B$2:$B$2161,B12) -> 5072715.3 | H12: =SUMIFS(Trades!$K$2:$K$2161,Trades!$A$2:$A$2161,A12,Trades!$B$2:$B$2161,B12,Trades!$E$2:$E$2161,">="&DATE(2025,1,1),Trades!$E$2:$E$2161,"<"&DATE(2026,1,1)) -> 2657337.3 | I12: =SUMIFS(Trades!$K$2:$K$2161,Trades!$A$2:$A$2161,A12,Trades!$B$2:$B$2161,B12,Trades!$E$2:$E$2161,">="&DATE(2026,1,1)) -> 2415378 | J12: =IFERROR(AVERAGEIFS(Trades!$K$2:$K$2161,Trades!$A$2:$A$2161,A12,Trades!$B$2:$B$2161,B12,Trades!$K$2:$K$2161,">0"),0) -> 256761.05 | K12: =IFERROR(AVERAGEIFS(Trades!$K$2:$K$2161,Trades!$A$2:$A$2161,A12,Trades!$B$2:$B$2161,B12,Trades!$K$2:$K$2161,"<=0"),0) -> -192330.13 | L12: =IFERROR(SUMIFS(Trades!$K$2:$K$2161,Trades!$A$2:$A$2161,A12,Trades!$B$2:$B$2161,B12,Trades!$K$2:$K$2161,">0")/-SUMIFS(Trades!$K$2:$K$2161,Trades!$A$2:$A$2161,A12,Trades!$B$2:$B$2161,B12,Trades!$K$2:$K$2161,"<=0"),"no losses") -> 4.7678632 | M12: =_xlfn.MINIFS(Trades!$P$2:$P$2161,Trades!$A$2:$A$2161,A12,Trades!$B$2:$B$2161,B12) -> -803221.2 | N12: =IFERROR(COUNTIF('Silver Monthly'!L$5:L$25,">0")/COUNTIF('Silver Monthly'!J$5:J$25,">0"),"") -> 0.63157895 | O12: =MAX('Silver Monthly'!L$5:L$25) -> 1691348.4 | P12: =MIN('Silver Monthly'!L$5:L$25) -> -493147.5 | Q12: =D12/COUNT('Silver Monthly'!$A$5:$A$25) -> 1.5238095
A13: SILVER | B13: W8C | C13: Day + lock + 1-bar confirm | D13: =COUNTIFS(Trades!$A$2:$A$2161,A13,Trades!$B$2:$B$2161,B13) -> 16 | E13: =COUNTIFS(Trades!$A$2:$A$2161,A13,Trades!$B$2:$B$2161,B13,Trades!$M$2:$M$2161,1) -> 15 | F13: =IF(D13=0,"",E13/D13) -> 0.9375 | G13: =SUMIFS(Trades!$K$2:$K$2161,Trades!$A$2:$A$2161,A13,Trades!$B$2:$B$2161,B13) -> 3316208.4 | H13: =SUMIFS(Trades!$K$2:$K$2161,Trades!$A$2:$A$2161,A13,Trades!$B$2:$B$2161,B13,Trades!$E$2:$E$2161,">="&DATE(2025,1,1),Trades!$E$2:$E$2161,"<"&DATE(2026,1,1)) -> 1178374.8 | I13: =SUMIFS(Trades!$K$2:$K$2161,Trades!$A$2:$A$2161,A13,Trades!$B$2:$B$2161,B13,Trades!$E$2:$E$2161,">="&DATE(2026,1,1)) -> 2137833.6 | J13: =IFERROR(AVERAGEIFS(Trades!$K$2:$K$2161,Trades!$A$2:$A$2161,A13,Trades!$B$2:$B$2161,B13,Trades!$K$2:$K$2161,">0"),0) -> 232949.48 | K13: =IFERROR(AVERAGEIFS(Trades!$K$2:$K$2161,Trades!$A$2:$A$2161,A13,Trades!$B$2:$B$2161,B13,Trades!$K$2:$K$2161,"<=0"),0) -> -178033.8 | L13: =IFERROR(SUMIFS(Trades!$K$2:$K$2161,Trades!$A$2:$A$2161,A13,Trades!$B$2:$B$2161,B13,Trades!$K$2:$K$2161,">0")/-SUMIFS(Trades!$K$2:$K$2161,Trades!$A$2:$A$2161,A13,Trades!$B$2:$B$2161,B13,Trades!$K$2:$K$2161,"<=0"),"no losses") -> 19.626847 | M13: =_xlfn.MINIFS(Trades!$P$2:$P$2161,Trades!$A$2:$A$2161,A13,Trades!$B$2:$B$2161,B13) -> -178033.8 | N13: =IFERROR(COUNTIF('Silver Monthly'!P$5:P$25,">0")/COUNTIF('Silver Monthly'!N$5:N$25,">0"),"") -> 0.92307692 | O13: =MAX('Silver Monthly'!P$5:P$25) -> 1529008.2 | P13: =MIN('Silver Monthly'!P$5:P$25) -> -148735.5 | Q13: =D13/COUNT('Silver Monthly'!$A$5:$A$25) -> 0.76190476
A14: SILVER | B14: T6 | C14: W8, faster band x3/x4 (1h) | D14: =COUNTIFS(Trades!$A$2:$A$2161,A14,Trades!$B$2:$B$2161,B14) -> 55 | E14: =COUNTIFS(Trades!$A$2:$A$2161,A14,Trades!$B$2:$B$2161,B14,Trades!$M$2:$M$2161,1) -> 36 | F14: =IF(D14=0,"",E14/D14) -> 0.65454545 | G14: =SUMIFS(Trades!$K$2:$K$2161,Trades!$A$2:$A$2161,A14,Trades!$B$2:$B$2161,B14) -> 5244862.2 | H14: =SUMIFS(Trades!$K$2:$K$2161,Trades!$A$2:$A$2161,A14,Trades!$B$2:$B$2161,B14,Trades!$E$2:$E$2161,">="&DATE(2025,1,1),Trades!$E$2:$E$2161,"<"&DATE(2026,1,1)) -> 2729003.7 | I14: =SUMIFS(Trades!$K$2:$K$2161,Trades!$A$2:$A$2161,A14,Trades!$B$2:$B$2161,B14,Trades!$E$2:$E$2161,">="&DATE(2026,1,1)) -> 2515858.5 | J14: =IFERROR(AVERAGEIFS(Trades!$K$2:$K$2161,Trades!$A$2:$A$2161,A14,Trades!$B$2:$B$2161,B14,Trades!$K$2:$K$2161,">0"),0) -> 220525.43 | K14: =IFERROR(AVERAGEIFS(Trades!$K$2:$K$2161,Trades!$A$2:$A$2161,A14,Trades!$B$2:$B$2161,B14,Trades!$K$2:$K$2161,"<=0"),0) -> -141792.28 | L14: =IFERROR(SUMIFS(Trades!$K$2:$K$2161,Trades!$A$2:$A$2161,A14,Trades!$B$2:$B$2161,B14,Trades!$K$2:$K$2161,">0")/-SUMIFS(Trades!$K$2:$K$2161,Trades!$A$2:$A$2161,A14,Trades!$B$2:$B$2161,B14,Trades!$K$2:$K$2161,"<=0"),"no losses") -> 2.9468293 | M14: =_xlfn.MINIFS(Trades!$P$2:$P$2161,Trades!$A$2:$A$2161,A14,Trades!$B$2:$B$2161,B14) -> -1133730.6 | N14: =IFERROR(COUNTIF('Silver Monthly'!T$5:T$25,">0")/COUNTIF('Silver Monthly'!R$5:R$25,">0"),"") -> 0.55 | O14: =MAX('Silver Monthly'!T$5:T$25) -> 3074079 | P14: =MIN('Silver Monthly'!T$5:T$25) -> -376678.5 | Q14: =D14/COUNT('Silver Monthly'!$A$5:$A$25) -> 2.6190476
A15: SILVER | B15: T7 | C15: W8 on 30m + trend re-entry | D15: =COUNTIFS(Trades!$A$2:$A$2161,A15,Trades!$B$2:$B$2161,B15) -> 73 | E15: =COUNTIFS(Trades!$A$2:$A$2161,A15,Trades!$B$2:$B$2161,B15,Trades!$M$2:$M$2161,1) -> 52 | F15: =IF(D15=0,"",E15/D15) -> 0.71232877 | G15: =SUMIFS(Trades!$K$2:$K$2161,Trades!$A$2:$A$2161,A15,Trades!$B$2:$B$2161,B15) -> 6679868.7 | H15: =SUMIFS(Trades!$K$2:$K$2161,Trades!$A$2:$A$2161,A15,Trades!$B$2:$B$2161,B15,Trades!$E$2:$E$2161,">="&DATE(2025,1,1),Trades!$E$2:$E$2161,"<"&DATE(2026,1,1)) -> 3000381.3 | I15: =SUMIFS(Trades!$K$2:$K$2161,Trades!$A$2:$A$2161,A15,Trades!$B$2:$B$2161,B15,Trades!$E$2:$E$2161,">="&DATE(2026,1,1)) -> 3679487.4 | J15: =IFERROR(AVERAGEIFS(Trades!$K$2:$K$2161,Trades!$A$2:$A$2161,A15,Trades!$B$2:$B$2161,B15,Trades!$K$2:$K$2161,">0"),0) -> 194114.15 | K15: =IFERROR(AVERAGEIFS(Trades!$K$2:$K$2161,Trades!$A$2:$A$2161,A15,Trades!$B$2:$B$2161,B15,Trades!$K$2:$K$2161,"<=0"),0) -> -162574.63 | L15: =IFERROR(SUMIFS(Trades!$K$2:$K$2161,Trades!$A$2:$A$2161,A15,Trades!$B$2:$B$2161,B15,Trades!$K$2:$K$2161,">0")/-SUMIFS(Trades!$K$2:$K$2161,Trades!$A$2:$A$2161,A15,Trades!$B$2:$B$2161,B15,Trades!$K$2:$K$2161,"<=0"),"no losses") -> 2.9565721 | M15: =_xlfn.MINIFS(Trades!$P$2:$P$2161,Trades!$A$2:$A$2161,A15,Trades!$B$2:$B$2161,B15) -> -1200000.3 | N15: =IFERROR(COUNTIF('Silver Monthly'!X$5:X$25,">0")/COUNTIF('Silver Monthly'!V$5:V$25,">0"),"") -> 0.6 | O15: =MAX('Silver Monthly'!X$5:X$25) -> 3048620.7 | P15: =MIN('Silver Monthly'!X$5:X$25) -> -776022 | Q15: =D15/COUNT('Silver Monthly'!$A$5:$A$25) -> 3.4761905
A16: SILVER | B16: U1 | C16: W8 on 15m chart | D16: =COUNTIFS(Trades!$A$2:$A$2161,A16,Trades!$B$2:$B$2161,B16) -> 129 | E16: =COUNTIFS(Trades!$A$2:$A$2161,A16,Trades!$B$2:$B$2161,B16,Trades!$M$2:$M$2161,1) -> 81 | F16: =IF(D16=0,"",E16/D16) -> 0.62790698 | G16: =SUMIFS(Trades!$K$2:$K$2161,Trades!$A$2:$A$2161,A16,Trades!$B$2:$B$2161,B16) -> 4918910.4 | H16: =SUMIFS(Trades!$K$2:$K$2161,Trades!$A$2:$A$2161,A16,Trades!$B$2:$B$2161,B16,Trades!$E$2:$E$2161,">="&DATE(2025,1,1),Trades!$E$2:$E$2161,"<"&DATE(2026,1,1)) -> 1787140.8 | I16: =SUMIFS(Trades!$K$2:$K$2161,Trades!$A$2:$A$2161,A16,Trades!$B$2:$B$2161,B16,Trades!$E$2:$E$2161,">="&DATE(2026,1,1)) -> 3131769.6 | J16: =IFERROR(AVERAGEIFS(Trades!$K$2:$K$2161,Trades!$A$2:$A$2161,A16,Trades!$B$2:$B$2161,B16,Trades!$K$2:$K$2161,">0"),0) -> 127477.23 | K16: =IFERROR(AVERAGEIFS(Trades!$K$2:$K$2161,Trades!$A$2:$A$2161,A16,Trades!$B$2:$B$2161,B16,Trades!$K$2:$K$2161,"<=0"),0) -> -112640.53 | L16: =IFERROR(SUMIFS(Trades!$K$2:$K$2161,Trades!$A$2:$A$2161,A16,Trades!$B$2:$B$2161,B16,Trades!$K$2:$K$2161,">0")/-SUMIFS(Trades!$K$2:$K$2161,Trades!$A$2:$A$2161,A16,Trades!$B$2:$B$2161,B16,Trades!$K$2:$K$2161,"<=0"),"no losses") -> 1.9097729 | M16: =_xlfn.MINIFS(Trades!$P$2:$P$2161,Trades!$A$2:$A$2161,A16,Trades!$B$2:$B$2161,B16) -> -836158.2 | N16: =IFERROR(COUNTIF('Silver Monthly'!AB$5:AB$25,">0")/COUNTIF('Silver Monthly'!Z$5:Z$25,">0"),"") -> 0.6 | O16: =MAX('Silver Monthly'!AB$5:AB$25) -> 2450633.4 | P16: =MIN('Silver Monthly'!AB$5:AB$25) -> -187527.3 | Q16: =D16/COUNT('Silver Monthly'!$A$5:$A$25) -> 6.1428571
A17: SILVER | B17: U9 | C17: W8 on 5m chart | D17: =COUNTIFS(Trades!$A$2:$A$2161,A17,Trades!$B$2:$B$2161,B17) -> 340 | E17: =COUNTIFS(Trades!$A$2:$A$2161,A17,Trades!$B$2:$B$2161,B17,Trades!$M$2:$M$2161,1) -> 218 | F17: =IF(D17=0,"",E17/D17) -> 0.64117647 | G17: =SUMIFS(Trades!$K$2:$K$2161,Trades!$A$2:$A$2161,A17,Trades!$B$2:$B$2161,B17) -> 9616894.2 | H17: =SUMIFS(Trades!$K$2:$K$2161,Trades!$A$2:$A$2161,A17,Trades!$B$2:$B$2161,B17,Trades!$E$2:$E$2161,">="&DATE(2025,1,1),Trades!$E$2:$E$2161,"<"&DATE(2026,1,1)) -> 2313441.9 | I17: =SUMIFS(Trades!$K$2:$K$2161,Trades!$A$2:$A$2161,A17,Trades!$B$2:$B$2161,B17,Trades!$E$2:$E$2161,">="&DATE(2026,1,1)) -> 7303452.3 | J17: =IFERROR(AVERAGEIFS(Trades!$K$2:$K$2161,Trades!$A$2:$A$2161,A17,Trades!$B$2:$B$2161,B17,Trades!$K$2:$K$2161,">0"),0) -> 77076.981 | K17: =IFERROR(AVERAGEIFS(Trades!$K$2:$K$2161,Trades!$A$2:$A$2161,A17,Trades!$B$2:$B$2161,B17,Trades!$K$2:$K$2161,"<=0"),0) -> -58900.719 | L17: =IFERROR(SUMIFS(Trades!$K$2:$K$2161,Trades!$A$2:$A$2161,A17,Trades!$B$2:$B$2161,B17,Trades!$K$2:$K$2161,">0")/-SUMIFS(Trades!$K$2:$K$2161,Trades!$A$2:$A$2161,A17,Trades!$B$2:$B$2161,B17,Trades!$K$2:$K$2161,"<=0"),"no losses") -> 2.3383029 | M17: =_xlfn.MINIFS(Trades!$P$2:$P$2161,Trades!$A$2:$A$2161,A17,Trades!$B$2:$B$2161,B17) -> -918885.6 | N17: =IFERROR(COUNTIF('Silver Monthly'!AF$5:AF$25,">0")/COUNTIF('Silver Monthly'!AD$5:AD$25,">0"),"") -> 0.71428571 | O17: =MAX('Silver Monthly'!AF$5:AF$25) -> 3535317.3 | P17: =MIN('Silver Monthly'!AF$5:AF$25) -> -225352.5 | Q17: =D17/COUNT('Silver Monthly'!$A$5:$A$25) -> 16.190476
A18: SILVER | B18: Q1 | C18: 5m: 1h filter, lock 0.15R@0.3R, re-entry 120 | D18: =COUNTIFS(Trades!$A$2:$A$2161,A18,Trades!$B$2:$B$2161,B18) -> 340 | E18: =COUNTIFS(Trades!$A$2:$A$2161,A18,Trades!$B$2:$B$2161,B18,Trades!$M$2:$M$2161,1) -> 260 | F18: =IF(D18=0,"",E18/D18) -> 0.76470588 | G18: =SUMIFS(Trades!$K$2:$K$2161,Trades!$A$2:$A$2161,A18,Trades!$B$2:$B$2161,B18) -> 7429502.1 | H18: =SUMIFS(Trades!$K$2:$K$2161,Trades!$A$2:$A$2161,A18,Trades!$B$2:$B$2161,B18,Trades!$E$2:$E$2161,">="&DATE(2025,1,1),Trades!$E$2:$E$2161,"<"&DATE(2026,1,1)) -> 1742147.7 | I18: =SUMIFS(Trades!$K$2:$K$2161,Trades!$A$2:$A$2161,A18,Trades!$B$2:$B$2161,B18,Trades!$E$2:$E$2161,">="&DATE(2026,1,1)) -> 5687354.4 | J18: =IFERROR(AVERAGEIFS(Trades!$K$2:$K$2161,Trades!$A$2:$A$2161,A18,Trades!$B$2:$B$2161,B18,Trades!$K$2:$K$2161,">0"),0) -> 45942.196 | K18: =IFERROR(AVERAGEIFS(Trades!$K$2:$K$2161,Trades!$A$2:$A$2161,A18,Trades!$B$2:$B$2161,B18,Trades!$K$2:$K$2161,"<=0"),0) -> -56443.361 | L18: =IFERROR(SUMIFS(Trades!$K$2:$K$2161,Trades!$A$2:$A$2161,A18,Trades!$B$2:$B$2161,B18,Trades!$K$2:$K$2161,">0")/-SUMIFS(Trades!$K$2:$K$2161,Trades!$A$2:$A$2161,A18,Trades!$B$2:$B$2161,B18,Trades!$K$2:$K$2161,"<=0"),"no losses") -> 2.6453445 | M18: =_xlfn.MINIFS(Trades!$P$2:$P$2161,Trades!$A$2:$A$2161,A18,Trades!$B$2:$B$2161,B18) -> -685901.4 | N18: =IFERROR(COUNTIF('Silver Monthly'!AJ$5:AJ$25,">0")/COUNTIF('Silver Monthly'!AH$5:AH$25,">0"),"") -> 0.75 | O18: =MAX('Silver Monthly'!AJ$5:AJ$25) -> 2114211.9 | P18: =MIN('Silver Monthly'!AJ$5:AJ$25) -> -134557.2 | Q18: =D18/COUNT('Silver Monthly'!$A$5:$A$25) -> 16.190476
A19: GOLD | B19: V0 | C19: Real Buy/Sell, always in | D19: =COUNTIFS(Trades!$A$2:$A$2161,A19,Trades!$B$2:$B$2161,B19) -> 59 | E19: =COUNTIFS(Trades!$A$2:$A$2161,A19,Trades!$B$2:$B$2161,B19,Trades!$M$2:$M$2161,1) -> 31 | F19: =IF(D19=0,"",E19/D19) -> 0.52542373 | G19: =SUMIFS(Trades!$K$2:$K$2161,Trades!$A$2:$A$2161,A19,Trades!$B$2:$B$2161,B19) -> 9564695 | H19: =SUMIFS(Trades!$K$2:$K$2161,Trades!$A$2:$A$2161,A19,Trades!$B$2:$B$2161,B19,Trades!$E$2:$E$2161,">="&DATE(2025,1,1),Trades!$E$2:$E$2161,"<"&DATE(2026,1,1)) -> 4038831 | I19: =SUMIFS(Trades!$K$2:$K$2161,Trades!$A$2:$A$2161,A19,Trades!$B$2:$B$2161,B19,Trades!$E$2:$E$2161,">="&DATE(2026,1,1)) -> 5525864 | J19: =IFERROR(AVERAGEIFS(Trades!$K$2:$K$2161,Trades!$A$2:$A$2161,A19,Trades!$B$2:$B$2161,B19,Trades!$K$2:$K$2161,">0"),0) -> 482994.13 | K19: =IFERROR(AVERAGEIFS(Trades!$K$2:$K$2161,Trades!$A$2:$A$2161,A19,Trades!$B$2:$B$2161,B19,Trades!$K$2:$K$2161,"<=0"),0) -> -193147.25 | L19: =IFERROR(SUMIFS(Trades!$K$2:$K$2161,Trades!$A$2:$A$2161,A19,Trades!$B$2:$B$2161,B19,Trades!$K$2:$K$2161,">0")/-SUMIFS(Trades!$K$2:$K$2161,Trades!$A$2:$A$2161,A19,Trades!$B$2:$B$2161,B19,Trades!$K$2:$K$2161,"<=0"),"no losses") -> 2.7685794 | M19: =_xlfn.MINIFS(Trades!$P$2:$P$2161,Trades!$A$2:$A$2161,A19,Trades!$B$2:$B$2161,B19) -> -1112560 | N19: =IFERROR(COUNTIF('Gold Monthly'!D$5:D$25,">0")/COUNTIF('Gold Monthly'!B$5:B$25,">0"),"") -> 0.75 | O19: =MAX('Gold Monthly'!D$5:D$25) -> 2723501 | P19: =MIN('Gold Monthly'!D$5:D$25) -> -792407 | Q19: =D19/COUNT('Gold Monthly'!$A$5:$A$25) -> 2.8095238
A20: GOLD | B20: V1 | C20: Day filter | D20: =COUNTIFS(Trades!$A$2:$A$2161,A20,Trades!$B$2:$B$2161,B20) -> 28 | E20: =COUNTIFS(Trades!$A$2:$A$2161,A20,Trades!$B$2:$B$2161,B20,Trades!$M$2:$M$2161,1) -> 18 | F20: =IF(D20=0,"",E20/D20) -> 0.64285714 | G20: =SUMIFS(Trades!$K$2:$K$2161,Trades!$A$2:$A$2161,A20,Trades!$B$2:$B$2161,B20) -> 7134101 | H20: =SUMIFS(Trades!$K$2:$K$2161,Trades!$A$2:$A$2161,A20,Trades!$B$2:$B$2161,B20,Trades!$E$2:$E$2161,">="&DATE(2025,1,1),Trades!$E$2:$E$2161,"<"&DATE(2026,1,1)) -> 4042473 | I20: =SUMIFS(Trades!$K$2:$K$2161,Trades!$A$2:$A$2161,A20,Trades!$B$2:$B$2161,B20,Trades!$E$2:$E$2161,">="&DATE(2026,1,1)) -> 3091628 | J20: =IFERROR(AVERAGEIFS(Trades!$K$2:$K$2161,Trades!$A$2:$A$2161,A20,Trades!$B$2:$B$2161,B20,Trades!$K$2:$K$2161,">0"),0) -> 495598.56 | K20: =IFERROR(AVERAGEIFS(Trades!$K$2:$K$2161,Trades!$A$2:$A$2161,A20,Trades!$B$2:$B$2161,B20,Trades!$K$2:$K$2161,"<=0"),0) -> -178667.3 | L20: =IFERROR(SUMIFS(Trades!$K$2:$K$2161,Trades!$A$2:$A$2161,A20,Trades!$B$2:$B$2161,B20,Trades!$K$2:$K$2161,">0")/-SUMIFS(Trades!$K$2:$K$2161,Trades!$A$2:$A$2161,A20,Trades!$B$2:$B$2161,B20,Trades!$K$2:$K$2161,"<=0"),"no losses") -> 4.9929528 | M20: =_xlfn.MINIFS(Trades!$P$2:$P$2161,Trades!$A$2:$A$2161,A20,Trades!$B$2:$B$2161,B20) -> -770980 | N20: =IFERROR(COUNTIF('Gold Monthly'!H$5:H$25,">0")/COUNTIF('Gold Monthly'!F$5:F$25,">0"),"") -> 0.70588235 | O20: =MAX('Gold Monthly'!H$5:H$25) -> 1995214 | P20: =MIN('Gold Monthly'!H$5:H$25) -> -762014 | Q20: =D20/COUNT('Gold Monthly'!$A$5:$A$25) -> 1.3333333
A21: GOLD | B21: W8 | C21: Day filter + profit lock | D21: =COUNTIFS(Trades!$A$2:$A$2161,A21,Trades!$B$2:$B$2161,B21) -> 28 | E21: =COUNTIFS(Trades!$A$2:$A$2161,A21,Trades!$B$2:$B$2161,B21,Trades!$M$2:$M$2161,1) -> 23 | F21: =IF(D21=0,"",E21/D21) -> 0.82142857 | G21: =SUMIFS(Trades!$K$2:$K$2161,Trades!$A$2:$A$2161,A21,Trades!$B$2:$B$2161,B21) -> 5560961 | H21: =SUMIFS(Trades!$K$2:$K$2161,Trades!$A$2:$A$2161,A21,Trades!$B$2:$B$2161,B21,Trades!$E$2:$E$2161,">="&DATE(2025,1,1),Trades!$E$2:$E$2161,"<"&DATE(2026,1,1)) -> 4313633 | I21: =SUMIFS(Trades!$K$2:$K$2161,Trades!$A$2:$A$2161,A21,Trades!$B$2:$B$2161,B21,Trades!$E$2:$E$2161,">="&DATE(2026,1,1)) -> 1247328 | J21: =IFERROR(AVERAGEIFS(Trades!$K$2:$K$2161,Trades!$A$2:$A$2161,A21,Trades!$B$2:$B$2161,B21,Trades!$K$2:$K$2161,">0"),0) -> 307792.61 | K21: =IFERROR(AVERAGEIFS(Trades!$K$2:$K$2161,Trades!$A$2:$A$2161,A21,Trades!$B$2:$B$2161,B21,Trades!$K$2:$K$2161,"<=0"),0) -> -303653.8 | L21: =IFERROR(SUMIFS(Trades!$K$2:$K$2161,Trades!$A$2:$A$2161,A21,Trades!$B$2:$B$2161,B21,Trades!$K$2:$K$2161,">0")/-SUMIFS(Trades!$K$2:$K$2161,Trades!$A$2:$A$2161,A21,Trades!$B$2:$B$2161,B21,Trades!$K$2:$K$2161,"<=0"),"no losses") -> 4.6626981 | M21: =_xlfn.MINIFS(Trades!$P$2:$P$2161,Trades!$A$2:$A$2161,A21,Trades!$B$2:$B$2161,B21) -> -762014 | N21: =IFERROR(COUNTIF('Gold Monthly'!L$5:L$25,">0")/COUNTIF('Gold Monthly'!J$5:J$25,">0"),"") -> 0.76470588 | O21: =MAX('Gold Monthly'!L$5:L$25) -> 1298355 | P21: =MIN('Gold Monthly'!L$5:L$25) -> -762014 | Q21: =D21/COUNT('Gold Monthly'!$A$5:$A$25) -> 1.3333333
A22: GOLD | B22: W8C | C22: Day + lock + 1-bar confirm | D22: =COUNTIFS(Trades!$A$2:$A$2161,A22,Trades!$B$2:$B$2161,B22) -> 18 | E22: =COUNTIFS(Trades!$A$2:$A$2161,A22,Trades!$B$2:$B$2161,B22,Trades!$M$2:$M$2161,1) -> 16 | F22: =IF(D22=0,"",E22/D22) -> 0.88888889 | G22: =SUMIFS(Trades!$K$2:$K$2161,Trades!$A$2:$A$2161,A22,Trades!$B$2:$B$2161,B22) -> 4234572 | H22: =SUMIFS(Trades!$K$2:$K$2161,Trades!$A$2:$A$2161,A22,Trades!$B$2:$B$2161,B22,Trades!$E$2:$E$2161,">="&DATE(2025,1,1),Trades!$E$2:$E$2161,"<"&DATE(2026,1,1)) -> 2135607 | I22: =SUMIFS(Trades!$K$2:$K$2161,Trades!$A$2:$A$2161,A22,Trades!$B$2:$B$2161,B22,Trades!$E$2:$E$2161,">="&DATE(2026,1,1)) -> 2098965 | J22: =IFERROR(AVERAGEIFS(Trades!$K$2:$K$2161,Trades!$A$2:$A$2161,A22,Trades!$B$2:$B$2161,B22,Trades!$K$2:$K$2161,">0"),0) -> 290415.38 | K22: =IFERROR(AVERAGEIFS(Trades!$K$2:$K$2161,Trades!$A$2:$A$2161,A22,Trades!$B$2:$B$2161,B22,Trades!$K$2:$K$2161,"<=0"),0) -> -206037 | L22: =IFERROR(SUMIFS(Trades!$K$2:$K$2161,Trades!$A$2:$A$2161,A22,Trades!$B$2:$B$2161,B22,Trades!$K$2:$K$2161,">0")/-SUMIFS(Trades!$K$2:$K$2161,Trades!$A$2:$A$2161,A22,Trades!$B$2:$B$2161,B22,Trades!$K$2:$K$2161,"<=0"),"no losses") -> 11.276242 | M22: =_xlfn.MINIFS(Trades!$P$2:$P$2161,Trades!$A$2:$A$2161,A22,Trades!$B$2:$B$2161,B22) -> -295056 | N22: =IFERROR(COUNTIF('Gold Monthly'!P$5:P$25,">0")/COUNTIF('Gold Monthly'!N$5:N$25,">0"),"") -> 0.85714286 | O22: =MAX('Gold Monthly'!P$5:P$25) -> 1097317 | P22: =MIN('Gold Monthly'!P$5:P$25) -> -295056 | Q22: =D22/COUNT('Gold Monthly'!$A$5:$A$25) -> 0.85714286
A23: GOLD | B23: T6 | C23: W8, faster band x3/x4 (1h) | D23: =COUNTIFS(Trades!$A$2:$A$2161,A23,Trades!$B$2:$B$2161,B23) -> 57 | E23: =COUNTIFS(Trades!$A$2:$A$2161,A23,Trades!$B$2:$B$2161,B23,Trades!$M$2:$M$2161,1) -> 40 | F23: =IF(D23=0,"",E23/D23) -> 0.70175439 | G23: =SUMIFS(Trades!$K$2:$K$2161,Trades!$A$2:$A$2161,A23,Trades!$B$2:$B$2161,B23) -> 3186182 | H23: =SUMIFS(Trades!$K$2:$K$2161,Trades!$A$2:$A$2161,A23,Trades!$B$2:$B$2161,B23,Trades!$E$2:$E$2161,">="&DATE(2025,1,1),Trades!$E$2:$E$2161,"<"&DATE(2026,1,1)) -> 2086070 | I23: =SUMIFS(Trades!$K$2:$K$2161,Trades!$A$2:$A$2161,A23,Trades!$B$2:$B$2161,B23,Trades!$E$2:$E$2161,">="&DATE(2026,1,1)) -> 1100112 | J23: =IFERROR(AVERAGEIFS(Trades!$K$2:$K$2161,Trades!$A$2:$A$2161,A23,Trades!$B$2:$B$2161,B23,Trades!$K$2:$K$2161,">0"),0) -> 175023.38 | K23: =IFERROR(AVERAGEIFS(Trades!$K$2:$K$2161,Trades!$A$2:$A$2161,A23,Trades!$B$2:$B$2161,B23,Trades!$K$2:$K$2161,"<=0"),0) -> -224397.24 | L23: =IFERROR(SUMIFS(Trades!$K$2:$K$2161,Trades!$A$2:$A$2161,A23,Trades!$B$2:$B$2161,B23,Trades!$K$2:$K$2161,">0")/-SUMIFS(Trades!$K$2:$K$2161,Trades!$A$2:$A$2161,A23,Trades!$B$2:$B$2161,B23,Trades!$K$2:$K$2161,"<=0"),"no losses") -> 1.8352263 | M23: =_xlfn.MINIFS(Trades!$P$2:$P$2161,Trades!$A$2:$A$2161,A23,Trades!$B$2:$B$2161,B23) -> -1267242 | N23: =IFERROR(COUNTIF('Gold Monthly'!T$5:T$25,">0")/COUNTIF('Gold Monthly'!R$5:R$25,">0"),"") -> 0.65 | O23: =MAX('Gold Monthly'!T$5:T$25) -> 1624917 | P23: =MIN('Gold Monthly'!T$5:T$25) -> -350577 | Q23: =D23/COUNT('Gold Monthly'!$A$5:$A$25) -> 2.7142857
A24: GOLD | B24: T7 | C24: W8 on 30m + trend re-entry | D24: =COUNTIFS(Trades!$A$2:$A$2161,A24,Trades!$B$2:$B$2161,B24) -> 75 | E24: =COUNTIFS(Trades!$A$2:$A$2161,A24,Trades!$B$2:$B$2161,B24,Trades!$M$2:$M$2161,1) -> 50 | F24: =IF(D24=0,"",E24/D24) -> 0.66666667 | G24: =SUMIFS(Trades!$K$2:$K$2161,Trades!$A$2:$A$2161,A24,Trades!$B$2:$B$2161,B24) -> 4137634 | H24: =SUMIFS(Trades!$K$2:$K$2161,Trades!$A$2:$A$2161,A24,Trades!$B$2:$B$2161,B24,Trades!$E$2:$E$2161,">="&DATE(2025,1,1),Trades!$E$2:$E$2161,"<"&DATE(2026,1,1)) -> 3290310 | I24: =SUMIFS(Trades!$K$2:$K$2161,Trades!$A$2:$A$2161,A24,Trades!$B$2:$B$2161,B24,Trades!$E$2:$E$2161,">="&DATE(2026,1,1)) -> 847324 | J24: =IFERROR(AVERAGEIFS(Trades!$K$2:$K$2161,Trades!$A$2:$A$2161,A24,Trades!$B$2:$B$2161,B24,Trades!$K$2:$K$2161,">0"),0) -> 212244.7 | K24: =IFERROR(AVERAGEIFS(Trades!$K$2:$K$2161,Trades!$A$2:$A$2161,A24,Trades!$B$2:$B$2161,B24,Trades!$K$2:$K$2161,"<=0"),0) -> -258984.04 | L24: =IFERROR(SUMIFS(Trades!$K$2:$K$2161,Trades!$A$2:$A$2161,A24,Trades!$B$2:$B$2161,B24,Trades!$K$2:$K$2161,">0")/-SUMIFS(Trades!$K$2:$K$2161,Trades!$A$2:$A$2161,A24,Trades!$B$2:$B$2161,B24,Trades!$K$2:$K$2161,"<=0"),"no losses") -> 1.6390562 | M24: =_xlfn.MINIFS(Trades!$P$2:$P$2161,Trades!$A$2:$A$2161,A24,Trades!$B$2:$B$2161,B24) -> -2147882 | N24: =IFERROR(COUNTIF('Gold Monthly'!X$5:X$25,">0")/COUNTIF('Gold Monthly'!V$5:V$25,">0"),"") -> 0.75 | O24: =MAX('Gold Monthly'!X$5:X$25) -> 1588734 | P24: =MIN('Gold Monthly'!X$5:X$25) -> -2147882 | Q24: =D24/COUNT('Gold Monthly'!$A$5:$A$25) -> 3.5714286
A25: GOLD | B25: U1 | C25: W8 on 15m chart | D25: =COUNTIFS(Trades!$A$2:$A$2161,A25,Trades!$B$2:$B$2161,B25) -> 123 | E25: =COUNTIFS(Trades!$A$2:$A$2161,A25,Trades!$B$2:$B$2161,B25,Trades!$M$2:$M$2161,1) -> 76 | F25: =IF(D25=0,"",E25/D25) -> 0.61788618 | G25: =SUMIFS(Trades!$K$2:$K$2161,Trades!$A$2:$A$2161,A25,Trades!$B$2:$B$2161,B25) -> 4161445 | H25: =SUMIFS(Trades!$K$2:$K$2161,Trades!$A$2:$A$2161,A25,Trades!$B$2:$B$2161,B25,Trades!$E$2:$E$2161,">="&DATE(2025,1,1),Trades!$E$2:$E$2161,"<"&DATE(2026,1,1)) -> 1946780 | I25: =SUMIFS(Trades!$K$2:$K$2161,Trades!$A$2:$A$2161,A25,Trades!$B$2:$B$2161,B25,Trades!$E$2:$E$2161,">="&DATE(2026,1,1)) -> 2214665 | J25: =IFERROR(AVERAGEIFS(Trades!$K$2:$K$2161,Trades!$A$2:$A$2161,A25,Trades!$B$2:$B$2161,B25,Trades!$K$2:$K$2161,">0"),0) -> 138609.12 | K25: =IFERROR(AVERAGEIFS(Trades!$K$2:$K$2161,Trades!$A$2:$A$2161,A25,Trades!$B$2:$B$2161,B25,Trades!$K$2:$K$2161,"<=0"),0) -> -135592.51 | L25: =IFERROR(SUMIFS(Trades!$K$2:$K$2161,Trades!$A$2:$A$2161,A25,Trades!$B$2:$B$2161,B25,Trades!$K$2:$K$2161,">0")/-SUMIFS(Trades!$K$2:$K$2161,Trades!$A$2:$A$2161,A25,Trades!$B$2:$B$2161,B25,Trades!$K$2:$K$2161,"<=0"),"no losses") -> 1.6529961 | M25: =_xlfn.MINIFS(Trades!$P$2:$P$2161,Trades!$A$2:$A$2161,A25,Trades!$B$2:$B$2161,B25) -> -1784258 | N25: =IFERROR(COUNTIF('Gold Monthly'!AB$5:AB$25,">0")/COUNTIF('Gold Monthly'!Z$5:Z$25,">0"),"") -> 0.55 | O25: =MAX('Gold Monthly'!AB$5:AB$25) -> 2870294 | P25: =MIN('Gold Monthly'!AB$5:AB$25) -> -956219 | Q25: =D25/COUNT('Gold Monthly'!$A$5:$A$25) -> 5.8571429
A26: GOLD | B26: U9 | C26: W8 on 5m chart | D26: =COUNTIFS(Trades!$A$2:$A$2161,A26,Trades!$B$2:$B$2161,B26) -> 342 | E26: =COUNTIFS(Trades!$A$2:$A$2161,A26,Trades!$B$2:$B$2161,B26,Trades!$M$2:$M$2161,1) -> 198 | F26: =IF(D26=0,"",E26/D26) -> 0.57894737 | G26: =SUMIFS(Trades!$K$2:$K$2161,Trades!$A$2:$A$2161,A26,Trades!$B$2:$B$2161,B26) -> 4262195 | H26: =SUMIFS(Trades!$K$2:$K$2161,Trades!$A$2:$A$2161,A26,Trades!$B$2:$B$2161,B26,Trades!$E$2:$E$2161,">="&DATE(2025,1,1),Trades!$E$2:$E$2161,"<"&DATE(2026,1,1)) -> 3134388 | I26: =SUMIFS(Trades!$K$2:$K$2161,Trades!$A$2:$A$2161,A26,Trades!$B$2:$B$2161,B26,Trades!$E$2:$E$2161,">="&DATE(2026,1,1)) -> 1127807 | J26: =IFERROR(AVERAGEIFS(Trades!$K$2:$K$2161,Trades!$A$2:$A$2161,A26,Trades!$B$2:$B$2161,B26,Trades!$K$2:$K$2161,">0"),0) -> 77768.5 | K26: =IFERROR(AVERAGEIFS(Trades!$K$2:$K$2161,Trades!$A$2:$A$2161,A26,Trades!$B$2:$B$2161,B26,Trades!$K$2:$K$2161,"<=0"),0) -> -77333.111 | L26: =IFERROR(SUMIFS(Trades!$K$2:$K$2161,Trades!$A$2:$A$2161,A26,Trades!$B$2:$B$2161,B26,Trades!$K$2:$K$2161,">0")/-SUMIFS(Trades!$K$2:$K$2161,Trades!$A$2:$A$2161,A26,Trades!$B$2:$B$2161,B26,Trades!$K$2:$K$2161,"<=0"),"no losses") -> 1.3827413 | M26: =_xlfn.MINIFS(Trades!$P$2:$P$2161,Trades!$A$2:$A$2161,A26,Trades!$B$2:$B$2161,B26) -> -2510915 | N26: =IFERROR(COUNTIF('Gold Monthly'!AF$5:AF$25,">0")/COUNTIF('Gold Monthly'!AD$5:AD$25,">0"),"") -> 0.71428571 | O26: =MAX('Gold Monthly'!AF$5:AF$25) -> 1578462 | P26: =MIN('Gold Monthly'!AF$5:AF$25) -> -1841983 | Q26: =D26/COUNT('Gold Monthly'!$A$5:$A$25) -> 16.285714
A27: GOLD | B27: Q1 | C27: 5m: 1h filter, lock 0.15R@0.3R, re-entry 120 | D27: =COUNTIFS(Trades!$A$2:$A$2161,A27,Trades!$B$2:$B$2161,B27) -> 344 | E27: =COUNTIFS(Trades!$A$2:$A$2161,A27,Trades!$B$2:$B$2161,B27,Trades!$M$2:$M$2161,1) -> 247 | F27: =IF(D27=0,"",E27/D27) -> 0.71802326 | G27: =SUMIFS(Trades!$K$2:$K$2161,Trades!$A$2:$A$2161,A27,Trades!$B$2:$B$2161,B27) -> 4366899 | H27: =SUMIFS(Trades!$K$2:$K$2161,Trades!$A$2:$A$2161,A27,Trades!$B$2:$B$2161,B27,Trades!$E$2:$E$2161,">="&DATE(2025,1,1),Trades!$E$2:$E$2161,"<"&DATE(2026,1,1)) -> 2494829 | I27: =SUMIFS(Trades!$K$2:$K$2161,Trades!$A$2:$A$2161,A27,Trades!$B$2:$B$2161,B27,Trades!$E$2:$E$2161,">="&DATE(2026,1,1)) -> 1872070 | J27: =IFERROR(AVERAGEIFS(Trades!$K$2:$K$2161,Trades!$A$2:$A$2161,A27,Trades!$B$2:$B$2161,B27,Trades!$K$2:$K$2161,">0"),0) -> 49716.174 | K27: =IFERROR(AVERAGEIFS(Trades!$K$2:$K$2161,Trades!$A$2:$A$2161,A27,Trades!$B$2:$B$2161,B27,Trades!$K$2:$K$2161,"<=0"),0) -> -81577.278 | L27: =IFERROR(SUMIFS(Trades!$K$2:$K$2161,Trades!$A$2:$A$2161,A27,Trades!$B$2:$B$2161,B27,Trades!$K$2:$K$2161,">0")/-SUMIFS(Trades!$K$2:$K$2161,Trades!$A$2:$A$2161,A27,Trades!$B$2:$B$2161,B27,Trades!$K$2:$K$2161,"<=0"),"no losses") -> 1.5518642 | M27: =_xlfn.MINIFS(Trades!$P$2:$P$2161,Trades!$A$2:$A$2161,A27,Trades!$B$2:$B$2161,B27) -> -1088229 | N27: =IFERROR(COUNTIF('Gold Monthly'!AJ$5:AJ$25,">0")/COUNTIF('Gold Monthly'!AH$5:AH$25,">0"),"") -> 0.6 | O27: =MAX('Gold Monthly'!AJ$5:AJ$25) -> 1851756 | P27: =MIN('Gold Monthly'!AJ$5:AJ$25) -> -562167 | Q27: =D27/COUNT('Gold Monthly'!$A$5:$A$25) -> 16.380952
A29: Highlighted rows = recommended setup (Day filter + profit lock). W8C was chosen after seeing results and rests on 16-18 trades. T6/T7/U1/U9 trade more often at a lower win rate. For 10+ trades a month with a high win rate: Q1 on Silver.

Sheet Trades
A1: Metal | B1: Strategy | C1: Side | D1: Entry time | E1: Exit time | F1: Exit month | G1: Entry price | H1: Exit reason | I1: Net points / lot (after costs) | J1: Lots | K1: Net P&L (₹) | L1: R multiple | M1: Win (1/0) | N1: Cumulative P&L (₹) | O1: Peak (₹) | P1: Drawdown (₹)
A2: SILVER | B2: V0 | C2: LONG | D2: 45663.708 | E2: 45680.792 | F2: =DATE(YEAR(E2),MONTH(E2),1) -> 45658 | G2: 129941 | H2: flip | I2: -502.14 | J2: =Summary!$B$4 -> 1 | K2: =I2*J2*IF(A2="SILVER",Summary!$B$5,Summary!$B$6) -> -15064.2 | L2: -0.175 | M2: =IF(K2>0,1,0) -> 0 | N2: =SUMIFS(K$2:K2,A$2:A2,A2,B$2:B2,B2) -> -15064.2 | O2: =MAX(0,_xlfn.MAXIFS(N$2:N2,A$2:A2,A2,B$2:B2,B2)) -> 0 | P2: =N2-O2 -> -15064.2
A3: SILVER | B3: V0 | C3: SHORT | D3: 45680.792 | E3: 45687.542 | F3: =DATE(YEAR(E3),MONTH(E3),1) -> 45658 | G3: 129467 | H3: flip | I3: -2145.3 | J3: =Summary!$B$4 -> 1 | K3: =I3*J3*IF(A3="SILVER",Summary!$B$5,Summary!$B$6) -> -64359 | L3: -0.895 | M3: =IF(K3>0,1,0) -> 0 | N3: =SUMIFS(K$2:K3,A$2:A3,A3,B$2:B3,B3) -> -79423.2 | O3: =MAX(0,_xlfn.MAXIFS(N$2:N3,A$2:A3,A3,B$2:B3,B3)) -> 0 | P3: =N3-O3 -> -79423.2
A4: SILVER | B4: V0 | C4: LONG | D4: 45687.542 | E4: 45699.792 | F4: =DATE(YEAR(E4),MONTH(E4),1) -> 45689 | G4: 131584 | H4: flip | I4: 730.41 | J4: =Summary!$B$4 -> 1 | K4: =I4*J4*IF(A4="SILVER",Summary!$B$5,Summary!$B$6) -> 21912.3 | L4: 0.309 | M4: =IF(K4>0,1,0) -> 1 | N4: =SUMIFS(K$2:K4,A$2:A4,A4,B$2:B4,B4) -> -57510.9 | O4: =MAX(0,_xlfn.MAXIFS(N$2:N4,A$2:A4,A4,B$2:B4,B4)) -> 0 | P4: =N4-O4 -> -57510.9
A5: SILVER | B5: V0 | C5: SHORT | D5: 45699.792 | E5: 45702.417 | F5: =DATE(YEAR(E5),MONTH(E5),1) -> 45689 | G5: 132343 | H5: flip | I5: -3073.97 | J5: =Summary!$B$4 -> 1 | K5: =I5*J5*IF(A5="SILVER",Summary!$B$5,Summary!$B$6) -> -92219.1 | L5: -1.128 | M5: =IF(K5>0,1,0) -> 0 | N5: =SUMIFS(K$2:K5,A$2:A5,A5,B$2:B5,B5) -> -149730 | O5: =MAX(0,_xlfn.MAXIFS(N$2:N5,A$2:A5,A5,B$2:B5,B5)) -> 0 | P5: =N5-O5 -> -149730
A6: SILVER | B6: V0 | C6: LONG | D6: 45702.417 | E6: 45702.917 | F6: =DATE(YEAR(E6),MONTH(E6),1) -> 45689 | G6: 135388 | H6: flip | I6: -785.2 | J6: =Summary!$B$4 -> 1 | K6: =I6*J6*IF(A6="SILVER",Summary!$B$5,Summary!$B$6) -> -23556 | L6: -0.286 | M6: =IF(K6>0,1,0) -> 0 | N6: =SUMIFS(K$2:K6,A$2:A6,A6,B$2:B6,B6) -> -173286 | O6: =MAX(0,_xlfn.MAXIFS(N$2:N6,A$2:A6,A6,B$2:B6,B6)) -> 0 | P6: =N6-O6 -> -173286
A7: SILVER | B7: V0 | C7: SHORT | D7: 45702.917 | E7: 45721.463 | F7: =DATE(YEAR(E7),MONTH(E7),1) -> 45717 | G7: 134632 | H7: flip | I7: 430.92 | J7: =Summary!$B$4 -> 1 | K7: =I7*J7*IF(A7="SILVER",Summary!$B$5,Summary!$B$6) -> 12927.6 | L7: 0.136 | M7: =IF(K7>0,1,0) -> 1 | N7: =SUMIFS(K$2:K7,A$2:A7,A7,B$2:B7,B7) -> -160358.4 | O7: =MAX(0,_xlfn.MAXIFS(N$2:N7,A$2:A7,A7,B$2:B7,B7)) -> 0 | P7: =N7-O7 -> -160358.4
A8: SILVER | B8: V0 | C8: LONG | D8: 45721.463 | E8: 45736.667 | F8: =DATE(YEAR(E8),MONTH(E8),1) -> 45717 | G8: 134172 | H8: flip | I8: 1719.77 | J8: =Summary!$B$4 -> 1 | K8: =I8*J8*IF(A8="SILVER",Summary!$B$5,Summary!$B$6) -> 51593.1 | L8: 0.885 | M8: =IF(K8>0,1,0) -> 1 | N8: =SUMIFS(K$2:K8,A$2:A8,A8,B$2:B8,B8) -> -108765.3 | O8: =MAX(0,_xlfn.MAXIFS(N$2:N8,A$2:A8,A8,B$2:B8,B8)) -> 0 | P8: =N8-O8 -> -108765.3
A9: SILVER | B9: V0 | C9: SHORT | D9: 45736.667 | E9: 45742.5 | F9: =DATE(YEAR(E9),MONTH(E9),1) -> 45717 | G9: 135951 | H9: flip | I9: -732.87 | J9: =Summary!$B$4 -> 1 | K9: =I9*J9*IF(A9="SILVER",Summary!$B$5,Summary!$B$6) -> -21986.1 | L9: -0.237 | M9: =IF(K9>0,1,0) -> 0 | N9: =SUMIFS(K$2:K9,A$2:A9,A9,B$2:B9,B9) -> -130751.4 | O9: =MAX(0,_xlfn.MAXIFS(N$2:N9,A$2:A9,A9,B$2:B9,B9)) -> 0 | P9: =N9-O9 -> -130751.4
A10: SILVER | B10: V0 | C10: LONG | D10: 45742.5 | E10: 45748.917 | F10: =DATE(YEAR(E10),MONTH(E10),1) -> 45748 | G10: 136654 | H10: flip | I10: -386.89 | J10: =Summary!$B$4 -> 1 | K10: =I10*J10*IF(A10="SILVER",Summary!$B$5,Summary!$B$6) -> -11606.7 | L10: -0.176 | M10: =IF(K10>0,1,0) -> 0 | N10: =SUMIFS(K$2:K10,A$2:A10,A10,B$2:B10,B10) -> -142358.1 | O10: =MAX(0,_xlfn.MAXIFS(N$2:N10,A$2:A10,A10,B$2:B10,B10)) -> 0 | P10: =N10-O10 -> -142358.1
A11: SILVER | B11: V0 | C11: SHORT | D11: 45748.917 | E11: 45758.583 | F11: =DATE(YEAR(E11),MONTH(E11),1) -> 45748 | G11: 136297 | H11: flip | I11: 6488.79 | J11: =Summary!$B$4 -> 1 | K11: =I11*J11*IF(A11="SILVER",Summary!$B$5,Summary!$B$6) -> 194663.7 | L11: 2.033 | M11: =IF(K11>0,1,0) -> 1 | N11: =SUMIFS(K$2:K11,A$2:A11,A11,B$2:B11,B11) -> 52305.6 | O11: =MAX(0,_xlfn.MAXIFS(N$2:N11,A$2:A11,A11,B$2:B11,B11)) -> 52305.6 | P11: =N11-O11 -> 0
A12: SILVER | B12: V0 | C12: LONG | D12: 45758.583 | E12: 45777.583 | F12: =DATE(YEAR(E12),MONTH(E12),1) -> 45748 | G12: 129779 | H12: flip | I12: 1392.31 | J12: =Summary!$B$4 -> 1 | K12: =I12*J12*IF(A12="SILVER",Summary!$B$5,Summary!$B$6) -> 41769.3 | L12: 0.319 | M12: =IF(K12>0,1,0) -> 1 | N12: =SUMIFS(K$2:K12,A$2:A12,A12,B$2:B12,B12) -> 94074.9 | O12: =MAX(0,_xlfn.MAXIFS(N$2:N12,A$2:A12,A12,B$2:B12,B12)) -> 94074.9 | P12: =N12-O12 -> 0
A13: SILVER | B13: V0 | C13: SHORT | D13: 45777.583 | E13: 45790.583 | F13: =DATE(YEAR(E13),MONTH(E13),1) -> 45778 | G13: 131200 | H13: flip | I13: -1298.69 | J13: =Summary!$B$4 -> 1 | K13: =I13*J13*IF(A13="SILVER",Summary!$B$5,Summary!$B$6) -> -38960.7 | L13: -0.351 | M13: =IF(K13>0,1,0) -> 0 | N13: =SUMIFS(K$2:K13,A$2:A13,A13,B$2:B13,B13) -> 55114.2 | O13: =MAX(0,_xlfn.MAXIFS(N$2:N13,A$2:A13,A13,B$2:B13,B13)) -> 94074.9 | P13: =N13-O13 -> -38960.7
... A2161: GOLD | B2161: Q1 | C2161: LONG | D2161: 46288.375 | E2161: 46288.381 | F2161: =DATE(YEAR(E2161),MONTH(E2161),1) -> 46266 | G2161: 152575 | H2161: stop | I2161: 17.03 | J2161: =Summary!$B$4 -> 1 | K2161: =I2161*J2161*IF(A2161="SILVER",Summary!$B$5,Summary!$B$6) -> 1703 | L2161: 0.044 | M2161: =IF(K2161>0,1,0) -> 1 | N2161: =SUMIFS(K$2:K2161,A$2:A2161,A2161,B$2:B2161,B2161) -> 4366899 | O2161: =MAX(0,_xlfn.MAXIFS(N$2:N2161,A$2:A2161,A2161,B$2:B2161,B2161)) -> 5409495 | P2161: =N2161-O2161 -> -1042596

Sheet Silver Monthly
A1: Silver - monthly backtest (P&L booked in the month a trade closes)
A2: All figures are formulas over the Trades sheet; lot size comes from Summary!B4.
A3: Month | B3: V0: Real Buy/Sell, always in | F3: V1: Day filter | J3: W8: Day filter + profit lock | N3: W8C: Day + lock + 1-bar confirm | R3: T6: W8, faster band x3/x4 (1h) | V3: T7: W8 on 30m + trend re-entry | Z3: U1: W8 on 15m chart | AD3: U9: W8 on 5m chart | AH3: Q1: 5m: 1h filter, lock 0.15R@0.3R, re-entry 120
B4: Trades | C4: Win % | D4: Net P&L (₹) | E4: Cumulative (₹) | F4: Trades | G4: Win % | H4: Net P&L (₹) | I4: Cumulative (₹) | J4: Trades | K4: Win % | L4: Net P&L (₹) | M4: Cumulative (₹) | N4: Trades | O4: Win % | P4: Net P&L (₹) | Q4: Cumulative (₹) | R4: Trades | S4: Win % | T4: Net P&L (₹) | U4: Cumulative (₹) | V4: Trades | W4: Win % | X4: Net P&L (₹) | Y4: Cumulative (₹) | Z4: Trades | AA4: Win % | AB4: Net P&L (₹) | AC4: Cumulative (₹) | AD4: Trades | AE4: Win % | AF4: Net P&L (₹) | AG4: Cumulative (₹) | AH4: Trades | AI4: Win % | AJ4: Net P&L (₹) | AK4: Cumulative (₹)
A5: 45658 | B5: =COUNTIFS(Trades!$A$2:$A$2161,"SILVER",Trades!$B$2:$B$2161,"V0",Trades!$F$2:$F$2161,$A5) -> 2 | C5: =IF(B5=0,"",COUNTIFS(Trades!$A$2:$A$2161,"SILVER",Trades!$B$2:$B$2161,"V0",Trades!$F$2:$F$2161,$A5,Trades!$M$2:$M$2161,1)/B5) -> 0 | D5: =SUMIFS(Trades!$K$2:$K$2161,Trades!$A$2:$A$2161,"SILVER",Trades!$B$2:$B$2161,"V0",Trades!$F$2:$F$2161,$A5) -> -79423.2 | E5: =D5 -> -79423.2 | F5: =COUNTIFS(Trades!$A$2:$A$2161,"SILVER",Trades!$B$2:$B$2161,"V1",Trades!$F$2:$F$2161,$A5) -> 0 | G5: =IF(F5=0,"",COUNTIFS(Trades!$A$2:$A$2161,"SILVER",Trades!$B$2:$B$2161,"V1",Trades!$F$2:$F$2161,$A5,Trades!$M$2:$M$2161,1)/F5) | H5: =SUMIFS(Trades!$K$2:$K$2161,Trades!$A$2:$A$2161,"SILVER",Trades!$B$2:$B$2161,"V1",Trades!$F$2:$F$2161,$A5) -> 0 | I5: =H5 -> 0 | J5: =COUNTIFS(Trades!$A$2:$A$2161,"SILVER",Trades!$B$2:$B$2161,"W8",Trades!$F$2:$F$2161,$A5) -> 0 | K5: =IF(J5=0,"",COUNTIFS(Trades!$A$2:$A$2161,"SILVER",Trades!$B$2:$B$2161,"W8",Trades!$F$2:$F$2161,$A5,Trades!$M$2:$M$2161,1)/J5) | L5: =SUMIFS(Trades!$K$2:$K$2161,Trades!$A$2:$A$2161,"SILVER",Trades!$B$2:$B$2161,"W8",Trades!$F$2:$F$2161,$A5) -> 0 | M5: =L5 -> 0 | N5: =COUNTIFS(Trades!$A$2:$A$2161,"SILVER",Trades!$B$2:$B$2161,"W8C",Trades!$F$2:$F$2161,$A5) -> 0 | O5: =IF(N5=0,"",COUNTIFS(Trades!$A$2:$A$2161,"SILVER",Trades!$B$2:$B$2161,"W8C",Trades!$F$2:$F$2161,$A5,Trades!$M$2:$M$2161,1)/N5) | P5: =SUMIFS(Trades!$K$2:$K$2161,Trades!$A$2:$A$2161,"SILVER",Trades!$B$2:$B$2161,"W8C",Trades!$F$2:$F$2161,$A5) -> 0 | Q5: =P5 -> 0 | R5: =COUNTIFS(Trades!$A$2:$A$2161,"SILVER",Trades!$B$2:$B$2161,"T6",Trades!$F$2:$F$2161,$A5) -> 0 | S5: =IF(R5=0,"",COUNTIFS(Trades!$A$2:$A$2161,"SILVER",Trades!$B$2:$B$2161,"T6",Trades!$F$2:$F$2161,$A5,Trades!$M$2:$M$2161,1)/R5) | T5: =SUMIFS(Trades!$K$2:$K$2161,Trades!$A$2:$A$2161,"SILVER",Trades!$B$2:$B$2161,"T6",Trades!$F$2:$F$2161,$A5) -> 0 | U5: =T5 -> 0 | V5: =COUNTIFS(Trades!$A$2:$A$2161,"SILVER",Trades!$B$2:$B$2161,"T7",Trades!$F$2:$F$2161,$A5) -> 0 | W5: =IF(V5=0,"",COUNTIFS(Trades!$A$2:$A$2161,"SILVER",Trades!$B$2:$B$2161,"T7",Trades!$F$2:$F$2161,$A5,Trades!$M$2:$M$2161,1)/V5) | X5: =SUMIFS(Trades!$K$2:$K$2161,Trades!$A$2:$A$2161,"SILVER",Trades!$B$2:$B$2161,"T7",Trades!$F$2:$F$2161,$A5) -> 0 | Y5: =X5 -> 0 | Z5: =COUNTIFS(Trades!$A$2:$A$2161,"SILVER",Trades!$B$2:$B$2161,"U1",Trades!$F$2:$F$2161,$A5) -> 0 | AA5: =IF(Z5=0,"",COUNTIFS(Trades!$A$2:$A$2161,"SILVER",Trades!$B$2:$B$2161,"U1",Trades!$F$2:$F$2161,$A5,Trades!$M$2:$M$2161,1)/Z5) | AB5: =SUMIFS(Trades!$K$2:$K$2161,Trades!$A$2:$A$2161,"SILVER",Trades!$B$2:$B$2161,"U1",Trades!$F$2:$F$2161,$A5) -> 0 | AC5: =AB5 -> 0 | AD5: =COUNTIFS(Trades!$A$2:$A$2161,"SILVER",Trades!$B$2:$B$2161,"U9",Trades!$F$2:$F$2161,$A5) -> 1 | AE5: =IF(AD5=0,"",COUNTIFS(Trades!$A$2:$A$2161,"SILVER",Trades!$B$2:$B$2161,"U9",Trades!$F$2:$F$2161,$A5,Trades!$M$2:$M$2161,1)/AD5) -> 1 | AF5: =SUMIFS(Trades!$K$2:$K$2161,Trades!$A$2:$A$2161,"SILVER",Trades!$B$2:$B$2161,"U9",Trades!$F$2:$F$2161,$A5) -> 702 | AG5: =AF5 -> 702 | AH5: =COUNTIFS(Trades!$A$2:$A$2161,"SILVER",Trades!$B$2:$B$2161,"Q1",Trades!$F$2:$F$2161,$A5) -> 0 | AI5: =IF(AH5=0,"",COUNTIFS(Trades!$A$2:$A$2161,"SILVER",Trades!$B$2:$B$2161,"Q1",Trades!$F$2:$F$2161,$A5,Trades!$M$2:$M$2161,1)/AH5) | AJ5: =SUMIFS(Trades!$K$2:$K$2161,Trades!$A$2:$A$2161,"SILVER",Trades!$B$2:$B$2161,"Q1",Trades!$F$2:$F$2161,$A5) -> 0 | AK5: =AJ5 -> 0
A6: 45689 | B6: =COUNTIFS(Trades!$A$2:$A$2161,"SILVER",Trades!$B$2:$B$2161,"V0",Trades!$F$2:$F$2161,$A6) -> 3 | C6: =IF(B6=0,"",COUNTIFS(Trades!$A$2:$A$2161,"SILVER",Trades!$B$2:$B$2161,"V0",Trades!$F$2:$F$2161,$A6,Trades!$M$2:$M$2161,1)/B6) -> 0.33333333 | D6: =SUMIFS(Trades!$K$2:$K$2161,Trades!$A$2:$A$2161,"SILVER",Trades!$B$2:$B$2161,"V0",Trades!$F$2:$F$2161,$A6) -> -93862.8 | E6: =E5+D6 -> -173286 | F6: =COUNTIFS(Trades!$A$2:$A$2161,"SILVER",Trades!$B$2:$B$2161,"V1",Trades!$F$2:$F$2161,$A6) -> 1 | G6: =IF(F6=0,"",COUNTIFS(Trades!$A$2:$A$2161,"SILVER",Trades!$B$2:$B$2161,"V1",Trades!$F$2:$F$2161,$A6,Trades!$M$2:$M$2161,1)/F6) -> 0 | H6: =SUMIFS(Trades!$K$2:$K$2161,Trades!$A$2:$A$2161,"SILVER",Trades!$B$2:$B$2161,"V1",Trades!$F$2:$F$2161,$A6) -> -92219.1 | I6: =I5+H6 -> -92219.1 | J6: =COUNTIFS(Trades!$A$2:$A$2161,"SILVER",Trades!$B$2:$B$2161,"W8",Trades!$F$2:$F$2161,$A6) -> 1 | K6: =IF(J6=0,"",COUNTIFS(Trades!$A$2:$A$2161,"SILVER",Trades!$B$2:$B$2161,"W8",Trades!$F$2:$F$2161,$A6,Trades!$M$2:$M$2161,1)/J6) -> 0 | L6: =SUMIFS(Trades!$K$2:$K$2161,Trades!$A$2:$A$2161,"SILVER",Trades!$B$2:$B$2161,"W8",Trades!$F$2:$F$2161,$A6) -> -92219.1 | M6: =M5+L6 -> -92219.1 | N6: =COUNTIFS(Trades!$A$2:$A$2161,"SILVER",Trades!$B$2:$B$2161,"W8C",Trades!$F$2:$F$2161,$A6) -> 0 | O6: =IF(N6=0,"",COUNTIFS(Trades!$A$2:$A$2161,"SILVER",Trades!$B$2:$B$2161,"W8C",Trades!$F$2:$F$2161,$A6,Trades!$M$2:$M$2161,1)/N6) | P6: =SUMIFS(Trades!$K$2:$K$2161,Trades!$A$2:$A$2161,"SILVER",Trades!$B$2:$B$2161,"W8C",Trades!$F$2:$F$2161,$A6) -> 0 | Q6: =Q5+P6 -> 0 | R6: =COUNTIFS(Trades!$A$2:$A$2161,"SILVER",Trades!$B$2:$B$2161,"T6",Trades!$F$2:$F$2161,$A6) -> 3 | S6: =IF(R6=0,"",COUNTIFS(Trades!$A$2:$A$2161,"SILVER",Trades!$B$2:$B$2161,"T6",Trades!$F$2:$F$2161,$A6,Trades!$M$2:$M$2161,1)/R6) -> 0.66666667 | T6: =SUMIFS(Trades!$K$2:$K$2161,Trades!$A$2:$A$2161,"SILVER",Trades!$B$2:$B$2161,"T6",Trades!$F$2:$F$2161,$A6) -> -28711.2 | U6: =U5+T6 -> -28711.2 | V6: =COUNTIFS(Trades!$A$2:$A$2161,"SILVER",Trades!$B$2:$B$2161,"T7",Trades!$F$2:$F$2161,$A6) -> 4 | W6: =IF(V6=0,"",COUNTIFS(Trades!$A$2:$A$2161,"SILVER",Trades!$B$2:$B$2161,"T7",Trades!$F$2:$F$2161,$A6,Trades!$M$2:$M$2161,1)/V6) -> 1 | X6: =SUMIFS(Trades!$K$2:$K$2161,Trades!$A$2:$A$2161,"SILVER",Trades!$B$2:$B$2161,"T7",Trades!$F$2:$F$2161,$A6) -> 19050.3 | Y6: =Y5+X6 -> 19050.3 | Z6: =COUNTIFS(Trades!$A$2:$A$2161,"SILVER",Trades!$B$2:$B$2161,"U1",Trades!$F$2:$F$2161,$A6) -> 5 | AA6: =IF(Z6=0,"",COUNTIFS(Trades!$A$2:$A$2161,"SILVER",Trades!$B$2:$B$2161,"U1",Trades!$F$2:$F$2161,$A6,Trades!$M$2:$M$2161,1)/Z6) -> 0.6 | AB6: =SUMIFS(Trades!$K$2:$K$2161,Trades!$A$2:$A$2161,"SILVER",Trades!$B$2:$B$2161,"U1",Trades!$F$2:$F$2161,$A6) -> 8373.3 | AC6: =AC5+AB6 -> 8373.3 | AD6: =COUNTIFS(Trades!$A$2:$A$2161,"SILVER",Trades!$B$2:$B$2161,"U9",Trades!$F$2:$F$2161,$A6) -> 20 | AE6: =IF(AD6=0,"",COUNTIFS(Trades!$A$2:$A$2161,"SILVER",Trades!$B$2:$B$2161,"U9",Trades!$F$2:$F$2161,$A6,Trades!$M$2:$M$2161,1)/AD6) -> 0.75 | AF6: =SUMIFS(Trades!$K$2:$K$2161,Trades!$A$2:$A$2161,"SILVER",Trades!$B$2:$B$2161,"U9",Trades!$F$2:$F$2161,$A6) -> -38111.7 | AG6: =AG5+AF6 -> -37409.7 | AH6: =COUNTIFS(Trades!$A$2:$A$2161,"SILVER",Trades!$B$2:$B$2161,"Q1",Trades!$F$2:$F$2161,$A6) -> 24 | AI6: =IF(AH6=0,"",COUNTIFS(Trades!$A$2:$A$2161,"SILVER",Trades!$B$2:$B$2161,"Q1",Trades!$F$2:$F$2161,$A6,Trades!$M$2:$M$2161,1)/AH6) -> 0.58333333 | AJ6: =SUMIFS(Trades!$K$2:$K$2161,Trades!$A$2:$A$2161,"SILVER",Trades!$B$2:$B$2161,"Q1",Trades!$F$2:$F$2161,$A6) -> -134557.2 | AK6: =AK5+AJ6 -> -134557.2
A7: 45717 | B7: =COUNTIFS(Trades!$A$2:$A$2161,"SILVER",Trades!$B$2:$B$2161,"V0",Trades!$F$2:$F$2161,$A7) -> 3 | C7: =IF(B7=0,"",COUNTIFS(Trades!$A$2:$A$2161,"SILVER",Trades!$B$2:$B$2161,"V0",Trades!$F$2:$F$2161,$A7,Trades!$M$2:$M$2161,1)/B7) -> 0.66666667 | D7: =SUMIFS(Trades!$K$2:$K$2161,Trades!$A$2:$A$2161,"SILVER",Trades!$B$2:$B$2161,"V0",Trades!$F$2:$F$2161,$A7) -> 42534.6 | E7: =E6+D7 -> -130751.4 | F7: =COUNTIFS(Trades!$A$2:$A$2161,"SILVER",Trades!$B$2:$B$2161,"V1",Trades!$F$2:$F$2161,$A7) -> 2 | G7: =IF(F7=0,"",COUNTIFS(Trades!$A$2:$A$2161,"SILVER",Trades!$B$2:$B$2161,"V1",Trades!$F$2:$F$2161,$A7,Trades!$M$2:$M$2161,1)/F7) -> 0.5 | H7: =SUMIFS(Trades!$K$2:$K$2161,Trades!$A$2:$A$2161,"SILVER",Trades!$B$2:$B$2161,"V1",Trades!$F$2:$F$2161,$A7) -> -9058.5 | I7: =I6+H7 -> -101277.6 | J7: =COUNTIFS(Trades!$A$2:$A$2161,"SILVER",Trades!$B$2:$B$2161,"W8",Trades!$F$2:$F$2161,$A7) -> 2 | K7: =IF(J7=0,"",COUNTIFS(Trades!$A$2:$A$2161,"SILVER",Trades!$B$2:$B$2161,"W8",Trades!$F$2:$F$2161,$A7,Trades!$M$2:$M$2161,1)/J7) -> 1 | L7: =SUMIFS(Trades!$K$2:$K$2161,Trades!$A$2:$A$2161,"SILVER",Trades!$B$2:$B$2161,"W8",Trades!$F$2:$F$2161,$A7) -> 21321.3 | M7: =M6+L7 -> -70897.8 | N7: =COUNTIFS(Trades!$A$2:$A$2161,"SILVER",Trades!$B$2:$B$2161,"W8C",Trades!$F$2:$F$2161,$A7) -> 2 | O7: =IF(N7=0,"",COUNTIFS(Trades!$A$2:$A$2161,"SILVER",Trades!$B$2:$B$2161,"W8C",Trades!$F$2:$F$2161,$A7,Trades!$M$2:$M$2161,1)/N7) -> 1 | P7: =SUMIFS(Trades!$K$2:$K$2161,Trades!$A$2:$A$2161,"SILVER",Trades!$B$2:$B$2161,"W8C",Trades!$F$2:$F$2161,$A7) -> 15062.4 | Q7: =Q6+P7 -> 15062.4 | R7: =COUNTIFS(Trades!$A$2:$A$2161,"SILVER",Trades!$B$2:$B$2161,"T6",Trades!$F$2:$F$2161,$A7) -> 3 | S7: =IF(R7=0,"",COUNTIFS(Trades!$A$2:$A$2161,"SILVER",Trades!$B$2:$B$2161,"T6",Trades!$F$2:$F$2161,$A7,Trades!$M$2:$M$2161,1)/R7) -> 1 | T7: =SUMIFS(Trades!$K$2:$K$2161,Trades!$A$2:$A$2161,"SILVER",Trades!$B$2:$B$2161,"T6",Trades!$F$2:$F$2161,$A7) -> 57892.2 | U7: =U6+T7 -> 29181 | V7: =COUNTIFS(Trades!$A$2:$A$2161,"SILVER",Trades!$B$2:$B$2161,"T7",Trades!$F$2:$F$2161,$A7) -> 4 | W7: =IF(V7=0,"",COUNTIFS(Trades!$A$2:$A$2161,"SILVER",Trades!$B$2:$B$2161,"T7",Trades!$F$2:$F$2161,$A7,Trades!$M$2:$M$2161,1)/V7) -> 0.5 | X7: =SUMIFS(Trades!$K$2:$K$2161,Trades!$A$2:$A$2161,"SILVER",Trades!$B$2:$B$2161,"T7",Trades!$F$2:$F$2161,$A7) -> -60510.6 | Y7: =Y6+X7 -> -41460.3 | Z7: =COUNTIFS(Trades!$A$2:$A$2161,"SILVER",Trades!$B$2:$B$2161,"U1",Trades!$F$2:$F$2161,$A7) -> 6 | AA7: =IF(Z7=0,"",COUNTIFS(Trades!$A$2:$A$2161,"SILVER",Trades!$B$2:$B$2161,"U1",Trades!$F$2:$F$2161,$A7,Trades!$M$2:$M$2161,1)/Z7) -> 0.5 | AB7: =SUMIFS(Trades!$K$2:$K$2161,Trades!$A$2:$A$2161,"SILVER",Trades!$B$2:$B$2161,"U1",Trades!$F$2:$F$2161,$A7) -> -34608.3 | AC7: =AC6+AB7 -> -26235 | AD7: =COUNTIFS(Trades!$A$2:$A$2161,"SILVER",Trades!$B$2:$B$2161,"U9",Trades!$F$2:$F$2161,$A7) -> 16 | AE7: =IF(AD7=0,"",COUNTIFS(Trades!$A$2:$A$2161,"SILVER",Trades!$B$2:$B$2161,"U9",Trades!$F$2:$F$2161,$A7,Trades!$M$2:$M$2161,1)/AD7) -> 0.5 | AF7: =SUMIFS(Trades!$K$2:$K$2161,Trades!$A$2:$A$2161,"SILVER",Trades!$B$2:$B$2161,"U9",Trades!$F$2:$F$2161,$A7) -> -130689 | AG7: =AG6+AF7 -> -168098.7 | AH7: =COUNTIFS(Trades!$A$2:$A$2161,"SILVER",Trades!$B$2:$B$2161,"Q1",Trades!$F$2:$F$2161,$A7) -> 9 | AI7: =IF(AH7=0,"",COUNTIFS(Trades!$A$2:$A$2161,"SILVER",Trades!$B$2:$B$2161,"Q1",Trades!$F$2:$F$2161,$A7,Trades!$M$2:$M$2161,1)/AH7) -> 0.55555556 | AJ7: =SUMIFS(Trades!$K$2:$K$2161,Trades!$A$2:$A$2161,"SILVER",Trades!$B$2:$B$2161,"Q1",Trades!$F$2:$F$2161,$A7) -> -76943.4 | AK7: =AK6+AJ7 -> -211500.6
A8: 45748 | B8: =COUNTIFS(Trades!$A$2:$A$2161,"SILVER",Trades!$B$2:$B$2161,"V0",Trades!$F$2:$F$2161,$A8) -> 3 | C8: =IF(B8=0,"",COUNTIFS(Trades!$A$2:$A$2161,"SILVER",Trades!$B$2:$B$2161,"V0",Trades!$F$2:$F$2161,$A8,Trades!$M$2:$M$2161,1)/B8) -> 0.66666667 | D8: =SUMIFS(Trades!$K$2:$K$2161,Trades!$A$2:$A$2161,"SILVER",Trades!$B$2:$B$2161,"V0",Trades!$F$2:$F$2161,$A8) -> 224826.3 | E8: =E7+D8 -> 94074.9 | F8: =COUNTIFS(Trades!$A$2:$A$2161,"SILVER",Trades!$B$2:$B$2161,"V1",Trades!$F$2:$F$2161,$A8) -> 1 | G8: =IF(F8=0,"",COUNTIFS(Trades!$A$2:$A$2161,"SILVER",Trades!$B$2:$B$2161,"V1",Trades!$F$2:$F$2161,$A8,Trades!$M$2:$M$2161,1)/F8) -> 1 | H8: =SUMIFS(Trades!$K$2:$K$2161,Trades!$A$2:$A$2161,"SILVER",Trades!$B$2:$B$2161,"V1",Trades!$F$2:$F$2161,$A8) -> 194663.7 | I8: =I7+H8 -> 93386.1 | J8: =COUNTIFS(Trades!$A$2:$A$2161,"SILVER",Trades!$B$2:$B$2161,"W8",Trades!$F$2:$F$2161,$A8) -> 1 | K8: =IF(J8=0,"",COUNTIFS(Trades!$A$2:$A$2161,"SILVER",Trades!$B$2:$B$2161,"W8",Trades!$F$2:$F$2161,$A8,Trades!$M$2:$M$2161,1)/J8) -> 1 | L8: =SUMIFS(Trades!$K$2:$K$2161,Trades!$A$2:$A$2161,"SILVER",Trades!$B$2:$B$2161,"W8",Trades!$F$2:$F$2161,$A8) -> 194663.7 | M8: =M7+L8 -> 123765.9 | N8: =COUNTIFS(Trades!$A$2:$A$2161,"SILVER",Trades!$B$2:$B$2161,"W8C",Trades!$F$2:$F$2161,$A8) -> 0 | O8: =IF(N8=0,"",COUNTIFS(Trades!$A$2:$A$2161,"SILVER",Trades!$B$2:$B$2161,"W8C",Trades!$F$2:$F$2161,$A8,Trades!$M$2:$M$2161,1)/N8) | P8: =SUMIFS(Trades!$K$2:$K$2161,Trades!$A$2:$A$2161,"SILVER",Trades!$B$2:$B$2161,"W8C",Trades!$F$2:$F$2161,$A8) -> 0 | Q8: =Q7+P8 -> 15062.4 | R8: =COUNTIFS(Trades!$A$2:$A$2161,"SILVER",Trades!$B$2:$B$2161,"T6",Trades!$F$2:$F$2161,$A8) -> 2 | S8: =IF(R8=0,"",COUNTIFS(Trades!$A$2:$A$2161,"SILVER",Trades!$B$2:$B$2161,"T6",Trades!$F$2:$F$2161,$A8,Trades!$M$2:$M$2161,1)/R8) -> 0 | T8: =SUMIFS(Trades!$K$2:$K$2161,Trades!$A$2:$A$2161,"SILVER",Trades!$B$2:$B$2161,"T6",Trades!$F$2:$F$2161,$A8) -> -119112 | U8: =U7+T8 -> -89931 | V8: =COUNTIFS(Trades!$A$2:$A$2161,"SILVER",Trades!$B$2:$B$2161,"T7",Trades!$F$2:$F$2161,$A8) -> 3 | W8: =IF(V8=0,"",COUNTIFS(Trades!$A$2:$A$2161,"SILVER",Trades!$B$2:$B$2161,"T7",Trades!$F$2:$F$2161,$A8,Trades!$M$2:$M$2161,1)/V8) -> 0.33333333 | X8: =SUMIFS(Trades!$K$2:$K$2161,Trades!$A$2:$A$2161,"SILVER",Trades!$B$2:$B$2161,"T7",Trades!$F$2:$F$2161,$A8) -> 139572.9 | Y8: =Y7+X8 -> 98112.6 | Z8: =COUNTIFS(Trades!$A$2:$A$2161,"SILVER",Trades!$B$2:$B$2161,"U1",Trades!$F$2:$F$2161,$A8) -> 5 | AA8: =IF(Z8=0,"",COUNTIFS(Trades!$A$2:$A$2161,"SILVER",Trades!$B$2:$B$2161,"U1",Trades!$F$2:$F$2161,$A8,Trades!$M$2:$M$2161,1)/Z8) -> 0.6 | AB8: =SUMIFS(Trades!$K$2:$K$2161,Trades!$A$2:$A$2161,"SILVER",Trades!$B$2:$B$2161,"U1",Trades!$F$2:$F$2161,$A8) -> -19603.8 | AC8: =AC7+AB8 -> -45838.8 | AD8: =COUNTIFS(Trades!$A$2:$A$2161,"SILVER",Trades!$B$2:$B$2161,"U9",Trades!$F$2:$F$2161,$A8) -> 16 | AE8: =IF(AD8=0,"",COUNTIFS(Trades!$A$2:$A$2161,"SILVER",Trades!$B$2:$B$2161,"U9",Trades!$F$2:$F$2161,$A8,Trades!$M$2:$M$2161,1)/AD8) -> 0.5 | AF8: =SUMIFS(Trades!$K$2:$K$2161,Trades!$A$2:$A$2161,"SILVER",Trades!$B$2:$B$2161,"U9",Trades!$F$2:$F$2161,$A8) -> 274004.7 | AG8: =AG7+AF8 -> 105906 | AH8: =COUNTIFS(Trades!$A$2:$A$2161,"SILVER",Trades!$B$2:$B$2161,"Q1",Trades!$F$2:$F$2161,$A8) -> 7 | AI8: =IF(AH8=0,"",COUNTIFS(Trades!$A$2:$A$2161,"SILVER",Trades!$B$2:$B$2161,"Q1",Trades!$F$2:$F$2161,$A8,Trades!$M$2:$M$2161,1)/AH8) -> 0.85714286 | AJ8: =SUMIFS(Trades!$K$2:$K$2161,Trades!$A$2:$A$2161,"SILVER",Trades!$B$2:$B$2161,"Q1",Trades!$F$2:$F$2161,$A8) -> 285214.2 | AK8: =AK7+AJ8 -> 73713.6
A9: 45778 | B9: =COUNTIFS(Trades!$A$2:$A$2161,"SILVER",Trades!$B$2:$B$2161,"V0",Trades!$F$2:$F$2161,$A9) -> 4 | C9: =IF(B9=0,"",COUNTIFS(Trades!$A$2:$A$2161,"SILVER",Trades!$B$2:$B$2161,"V0",Trades!$F$2:$F$2161,$A9,Trades!$M$2:$M$2161,1)/B9) -> 0 | D9: =SUMIFS(Trades!$K$2:$K$2161,Trades!$A$2:$A$2161,"SILVER",Trades!$B$2:$B$2161,"V0",Trades!$F$2:$F$2161,$A9) -> -238361.4 | E9: =E8+D9 -> -144286.5 | F9: =COUNTIFS(Trades!$A$2:$A$2161,"SILVER",Trades!$B$2:$B$2161,"V1",Trades!$F$2:$F$2161,$A9) -> 2 | G9: =IF(F9=0,"",COUNTIFS(Trades!$A$2:$A$2161,"SILVER",Trades!$B$2:$B$2161,"V1",Trades!$F$2:$F$2161,$A9,Trades!$M$2:$M$2161,1)/F9) -> 0 | H9: =SUMIFS(Trades!$K$2:$K$2161,Trades!$A$2:$A$2161,"SILVER",Trades!$B$2:$B$2161,"V1",Trades!$F$2:$F$2161,$A9) -> -127134.3 | I9: =I8+H9 -> -33748.2 | J9: =COUNTIFS(Trades!$A$2:$A$2161,"SILVER",Trades!$B$2:$B$2161,"W8",Trades!$F$2:$F$2161,$A9) -> 2 | K9: =IF(J9=0,"",COUNTIFS(Trades!$A$2:$A$2161,"SILVER",Trades!$B$2:$B$2161,"W8",Trades!$F$2:$F$2161,$A9,Trades!$M$2:$M$2161,1)/J9) -> 0.5 | L9: =SUMIFS(Trades!$K$2:$K$2161,Trades!$A$2:$A$2161,"SILVER",Trades!$B$2:$B$2161,"W8",Trades!$F$2:$F$2161,$A9) -> -79947.9 | M9: =M8+L9 -> 43818 | N9: =COUNTIFS(Trades!$A$2:$A$2161,"SILVER",Trades!$B$2:$B$2161,"W8C",Trades!$F$2:$F$2161,$A9) -> 1 | O9: =IF(N9=0,"",COUNTIFS(Trades!$A$2:$A$2161,"SILVER",Trades!$B$2:$B$2161,"W8C",Trades!$F$2:$F$2161,$A9,Trades!$M$2:$M$2161,1)/N9) -> 1 | P9: =SUMIFS(Trades!$K$2:$K$2161,Trades!$A$2:$A$2161,"SILVER",Trades!$B$2:$B$2161,"W8C",Trades!$F$2:$F$2161,$A9) -> 7236 | Q9: =Q8+P9 -> 22298.4 | R9: =COUNTIFS(Trades!$A$2:$A$2161,"SILVER",Trades!$B$2:$B$2161,"T6",Trades!$F$2:$F$2161,$A9) -> 2 | S9: =IF(R9=0,"",COUNTIFS(Trades!$A$2:$A$2161,"SILVER",Trades!$B$2:$B$2161,"T6",Trades!$F$2:$F$2161,$A9,Trades!$M$2:$M$2161,1)/R9) -> 1 | T9: =SUMIFS(Trades!$K$2:$K$2161,Trades!$A$2:$A$2161,"SILVER",Trades!$B$2:$B$2161,"T6",Trades!$F$2:$F$2161,$A9) -> 31165.8 | U9: =U8+T9 -> -58765.2 | V9: =COUNTIFS(Trades!$A$2:$A$2161,"SILVER",Trades!$B$2:$B$2161,"T7",Trades!$F$2:$F$2161,$A9) -> 3 | W9: =IF(V9=0,"",COUNTIFS(Trades!$A$2:$A$2161,"SILVER",Trades!$B$2:$B$2161,"T7",Trades!$F$2:$F$2161,$A9,Trades!$M$2:$M$2161,1)/V9) -> 0.66666667 | X9: =SUMIFS(Trades!$K$2:$K$2161,Trades!$A$2:$A$2161,"SILVER",Trades!$B$2:$B$2161,"T7",Trades!$F$2:$F$2161,$A9) -> -46257.3 | Y9: =Y8+X9 -> 51855.3 | Z9: =COUNTIFS(Trades!$A$2:$A$2161,"SILVER",Trades!$B$2:$B$2161,"U1",Trades!$F$2:$F$2161,$A9) -> 9 | AA9: =IF(Z9=0,"",COUNTIFS(Trades!$A$2:$A$2161,"SILVER",Trades!$B$2:$B$2161,"U1",Trades!$F$2:$F$2161,$A9,Trades!$M$2:$M$2161,1)/Z9) -> 0.44444444 | AB9: =SUMIFS(Trades!$K$2:$K$2161,Trades!$A$2:$A$2161,"SILVER",Trades!$B$2:$B$2161,"U1",Trades!$F$2:$F$2161,$A9) -> -87085.8 | AC9: =AC8+AB9 -> -132924.6 | AD9: =COUNTIFS(Trades!$A$2:$A$2161,"SILVER",Trades!$B$2:$B$2161,"U9",Trades!$F$2:$F$2161,$A9) -> 19 | AE9: =IF(AD9=0,"",COUNTIFS(Trades!$A$2:$A$2161,"SILVER",Trades!$B$2:$B$2161,"U9",Trades!$F$2:$F$2161,$A9,Trades!$M$2:$M$2161,1)/AD9) -> 0.68421053 | AF9: =SUMIFS(Trades!$K$2:$K$2161,Trades!$A$2:$A$2161,"SILVER",Trades!$B$2:$B$2161,"U9",Trades!$F$2:$F$2161,$A9) -> -32210.4 | AG9: =AG8+AF9 -> 73695.6 | AH9: =COUNTIFS(Trades!$A$2:$A$2161,"SILVER",Trades!$B$2:$B$2161,"Q1",Trades!$F$2:$F$2161,$A9) -> 24 | AI9: =IF(AH9=0,"",COUNTIFS(Trades!$A$2:$A$2161,"SILVER",Trades!$B$2:$B$2161,"Q1",Trades!$F$2:$F$2161,$A9,Trades!$M$2:$M$2161,1)/AH9) -> 0.75 | AJ9: =SUMIFS(Trades!$K$2:$K$2161,Trades!$A$2:$A$2161,"SILVER",Trades!$B$2:$B$2161,"Q1",Trades!$F$2:$F$2161,$A9) -> -50085.3 | AK9: =AK8+AJ9 -> 23628.3
A10: 45809 | B10: =COUNTIFS(Trades!$A$2:$A$2161,"SILVER",Trades!$B$2:$B$2161,"V0",Trades!$F$2:$F$2161,$A10) -> 2 | C10: =IF(B10=0,"",COUNTIFS(Trades!$A$2:$A$2161,"SILVER",Trades!$B$2:$B$2161,"V0",Trades!$F$2:$F$2161,$A10,Trades!$M$2:$M$2161,1)/B10) -> 0.5 | D10: =SUMIFS(Trades!$K$2:$K$2161,Trades!$A$2:$A$2161,"SILVER",Trades!$B$2:$B$2161,"V0",Trades!$F$2:$F$2161,$A10) -> 108684.9 | E10: =E9+D10 -> -35601.6 | F10: =COUNTIFS(Trades!$A$2:$A$2161,"SILVER",Trades!$B$2:$B$2161,"V1",Trades!$F$2:$F$2161,$A10) -> 1 | G10: =IF(F10=0,"",COUNTIFS(Trades!$A$2:$A$2161,"SILVER",Trades!$B$2:$B$2161,"V1",Trades!$F$2:$F$2161,$A10,Trades!$M$2:$M$2161,1)/F10) -> 0 | H10: =SUMIFS(Trades!$K$2:$K$2161,Trades!$A$2:$A$2161,"SILVER",Trades!$B$2:$B$2161,"V1",Trades!$F$2:$F$2161,$A10) -> -80329.2 | I10: =I9+H10 -> -114077.4 | J10: =COUNTIFS(Trades!$A$2:$A$2161,"SILVER",Trades!$B$2:$B$2161,"W8",Trades!$F$2:$F$2161,$A10) -> 1 | K10: =IF(J10=0,"",COUNTIFS(Trades!$A$2:$A$2161,"SILVER",Trades!$B$2:$B$2161,"W8",Trades!$F$2:$F$2161,$A10,Trades!$M$2:$M$2161,1)/J10) -> 0 | L10: =SUMIFS(Trades!$K$2:$K$2161,Trades!$A$2:$A$2161,"SILVER",Trades!$B$2:$B$2161,"W8",Trades!$F$2:$F$2161,$A10) -> -80329.2 | M10: =M9+L10 -> -36511.2 | N10: =COUNTIFS(Trades!$A$2:$A$2161,"SILVER",Trades!$B$2:$B$2161,"W8C",Trades!$F$2:$F$2161,$A10) -> 0 | O10: =IF(N10=0,"",COUNTIFS(Trades!$A$2:$A$2161,"SILVER",Trades!$B$2:$B$2161,"W8C",Trades!$F$2:$F$2161,$A10,Trades!$M$2:$M$2161,1)/N10) | P10: =SUMIFS(Trades!$K$2:$K$2161,Trades!$A$2:$A$2161,"SILVER",Trades!$B$2:$B$2161,"W8C",Trades!$F$2:$F$2161,$A10) -> 0 | Q10: =Q9+P10 -> 22298.4 | R10: =COUNTIFS(Trades!$A$2:$A$2161,"SILVER",Trades!$B$2:$B$2161,"T6",Trades!$F$2:$F$2161,$A10) -> 3 | S10: =IF(R10=0,"",COUNTIFS(Trades!$A$2:$A$2161,"SILVER",Trades!$B$2:$B$2161,"T6",Trades!$F$2:$F$2161,$A10,Trades!$M$2:$M$2161,1)/R10) -> 0.66666667 | T10: =SUMIFS(Trades!$K$2:$K$2161,Trades!$A$2:$A$2161,"SILVER",Trades!$B$2:$B$2161,"T6",Trades!$F$2:$F$2161,$A10) -> -71605.5 | U10: =U9+T10 -> -130370.7 | V10: =COUNTIFS(Trades!$A$2:$A$2161,"SILVER",Trades!$B$2:$B$2161,"T7",Trades!$F$2:$F$2161,$A10) -> 4 | W10: =IF(V10=0,"",COUNTIFS(Trades!$A$2:$A$2161,"SILVER",Trades!$B$2:$B$2161,"T7",Trades!$F$2:$F$2161,$A10,Trades!$M$2:$M$2161,1)/V10) -> 0.75 | X10: =SUMIFS(Trades!$K$2:$K$2161,Trades!$A$2:$A$2161,"SILVER",Trades!$B$2:$B$2161,"T7",Trades!$F$2:$F$2161,$A10) -> -25314.9 | Y10: =Y9+X10 -> 26540.4 | Z10: =COUNTIFS(Trades!$A$2:$A$2161,"SILVER",Trades!$B$2:$B$2161,"U1",Trades!$F$2:$F$2161,$A10) -> 3 | AA10: =IF(Z10=0,"",COUNTIFS(Trades!$A$2:$A$2161,"SILVER",Trades!$B$2:$B$2161,"U1",Trades!$F$2:$F$2161,$A10,Trades!$M$2:$M$2161,1)/Z10) -> 0.66666667 | AB10: =SUMIFS(Trades!$K$2:$K$2161,Trades!$A$2:$A$2161,"SILVER",Trades!$B$2:$B$2161,"U1",Trades!$F$2:$F$2161,$A10) -> 33897 | AC10: =AC9+AB10 -> -99027.6 | AD10: =COUNTIFS(Trades!$A$2:$A$2161,"SILVER",Trades!$B$2:$B$2161,"U9",Trades!$F$2:$F$2161,$A10) -> 18 | AE10: =IF(AD10=0,"",COUNTIFS(Trades!$A$2:$A$2161,"SILVER",Trades!$B$2:$B$2161,"U9",Trades!$F$2:$F$2161,$A10,Trades!$M$2:$M$2161,1)/AD10) -> 0.44444444 | AF10: =SUMIFS(Trades!$K$2:$K$2161,Trades!$A$2:$A$2161,"SILVER",Trades!$B$2:$B$2161,"U9",Trades!$F$2:$F$2161,$A10) -> -78458.4 | AG10: =AG9+AF10 -> -4762.8 | AH10: =COUNTIFS(Trades!$A$2:$A$2161,"SILVER",Trades!$B$2:$B$2161,"Q1",Trades!$F$2:$F$2161,$A10) -> 13 | AI10: =IF(AH10=0,"",COUNTIFS(Trades!$A$2:$A$2161,"SILVER",Trades!$B$2:$B$2161,"Q1",Trades!$F$2:$F$2161,$A10,Trades!$M$2:$M$2161,1)/AH10) -> 0.69230769 | AJ10: =SUMIFS(Trades!$K$2:$K$2161,Trades!$A$2:$A$2161,"SILVER",Trades!$B$2:$B$2161,"Q1",Trades!$F$2:$F$2161,$A10) -> -6321.6 | AK10: =AK9+AJ10 -> 17306.7
A11: 45839 | B11: =COUNTIFS(Trades!$A$2:$A$2161,"SILVER",Trades!$B$2:$B$2161,"V0",Trades!$F$2:$F$2161,$A11) -> 4 | C11: =IF(B11=0,"",COUNTIFS(Trades!$A$2:$A$2161,"SILVER",Trades!$B$2:$B$2161,"V0",Trades!$F$2:$F$2161,$A11,Trades!$M$2:$M$2161,1)/B11) -> 0.25 | D11: =SUMIFS(Trades!$K$2:$K$2161,Trades!$A$2:$A$2161,"SILVER",Trades!$B$2:$B$2161,"V0",Trades!$F$2:$F$2161,$A11) -> -46191.6 | E11: =E10+D11 -> -81793.2 | F11: =COUNTIFS(Trades!$A$2:$A$2161,"SILVER",Trades!$B$2:$B$2161,"V1",Trades!$F$2:$F$2161,$A11) -> 2 | G11: =IF(F11=0,"",COUNTIFS(Trades!$A$2:$A$2161,"SILVER",Trades!$B$2:$B$2161,"V1",Trades!$F$2:$F$2161,$A11,Trades!$M$2:$M$2161,1)/F11) -> 0.5 | H11: =SUMIFS(Trades!$K$2:$K$2161,Trades!$A$2:$A$2161,"SILVER",Trades!$B$2:$B$2161,"V1",Trades!$F$2:$F$2161,$A11) -> 78843.9 | I11: =I10+H11 -> -35233.5 | J11: =COUNTIFS(Trades!$A$2:$A$2161,"SILVER",Trades!$B$2:$B$2161,"W8",Trades!$F$2:$F$2161,$A11) -> 2 | K11: =IF(J11=0,"",COUNTIFS(Trades!$A$2:$A$2161,"SILVER",Trades!$B$2:$B$2161,"W8",Trades!$F$2:$F$2161,$A11,Trades!$M$2:$M$2161,1)/J11) -> 1 | L11: =SUMIFS(Trades!$K$2:$K$2161,Trades!$A$2:$A$2161,"SILVER",Trades!$B$2:$B$2161,"W8",Trades!$F$2:$F$2161,$A11) -> 111582 | M11: =M10+L11 -> 75070.8 | N11: =COUNTIFS(Trades!$A$2:$A$2161,"SILVER",Trades!$B$2:$B$2161,"W8C",Trades!$F$2:$F$2161,$A11) -> 1 | O11: =IF(N11=0,"",COUNTIFS(Trades!$A$2:$A$2161,"SILVER",Trades!$B$2:$B$2161,"W8C",Trades!$F$2:$F$2161,$A11,Trades!$M$2:$M$2161,1)/N11) -> 1 | P11: =SUMIFS(Trades!$K$2:$K$2161,Trades!$A$2:$A$2161,"SILVER",Trades!$B$2:$B$2161,"W8C",Trades!$F$2:$F$2161,$A11) -> 5556 | Q11: =Q10+P11 -> 27854.4 | R11: =COUNTIFS(Trades!$A$2:$A$2161,"SILVER",Trades!$B$2:$B$2161,"T6",Trades!$F$2:$F$2161,$A11) -> 2 | S11: =IF(R11=0,"",COUNTIFS(Trades!$A$2:$A$2161,"SILVER",Trades!$B$2:$B$2161,"T6",Trades!$F$2:$F$2161,$A11,Trades!$M$2:$M$2161,1)/R11) -> 1 | T11: =SUMIFS(Trades!$K$2:$K$2161,Trades!$A$2:$A$2161,"SILVER",Trades!$B$2:$B$2161,"T6",Trades!$F$2:$F$2161,$A11) -> 47561.7 | U11: =U10+T11 -> -82809 | V11: =COUNTIFS(Trades!$A$2:$A$2161,"SILVER",Trades!$B$2:$B$2161,"T7",Trades!$F$2:$F$2161,$A11) -> 4 | W11: =IF(V11=0,"",COUNTIFS(Trades!$A$2:$A$2161,"SILVER",Trades!$B$2:$B$2161,"T7",Trades!$F$2:$F$2161,$A11,Trades!$M$2:$M$2161,1)/V11) -> 1 | X11: =SUMIFS(Trades!$K$2:$K$2161,Trades!$A$2:$A$2161,"SILVER",Trades!$B$2:$B$2161,"T7",Trades!$F$2:$F$2161,$A11) -> 95882.7 | Y11: =Y10+X11 -> 122423.1 | Z11: =COUNTIFS(Trades!$A$2:$A$2161,"SILVER",Trades!$B$2:$B$2161,"U1",Trades!$F$2:$F$2161,$A11) -> 6 | AA11: =IF(Z11=0,"",COUNTIFS(Trades!$A$2:$A$2161,"SILVER",Trades!$B$2:$B$2161,"U1",Trades!$F$2:$F$2161,$A11,Trades!$M$2:$M$2161,1)/Z11) -> 0.66666667 | AB11: =SUMIFS(Trades!$K$2:$K$2161,Trades!$A$2:$A$2161,"SILVER",Trades!$B$2:$B$2161,"U1",Trades!$F$2:$F$2161,$A11) -> 32713.8 | AC11: =AC10+AB11 -> -66313.8 | AD11: =COUNTIFS(Trades!$A$2:$A$2161,"SILVER",Trades!$B$2:$B$2161,"U9",Trades!$F$2:$F$2161,$A11) -> 18 | AE11: =IF(AD11=0,"",COUNTIFS(Trades!$A$2:$A$2161,"SILVER",Trades!$B$2:$B$2161,"U9",Trades!$F$2:$F$2161,$A11,Trades!$M$2:$M$2161,1)/AD11) -> 0.61111111 | AF11: =SUMIFS(Trades!$K$2:$K$2161,Trades!$A$2:$A$2161,"SILVER",Trades!$B$2:$B$2161,"U9",Trades!$F$2:$F$2161,$A11) -> 125293.5 | AG11: =AG10+AF11 -> 120530.7 | AH11: =COUNTIFS(Trades!$A$2:$A$2161,"SILVER",Trades!$B$2:$B$2161,"Q1",Trades!$F$2:$F$2161,$A11) -> 15 | AI11: =IF(AH11=0,"",COUNTIFS(Trades!$A$2:$A$2161,"SILVER",Trades!$B$2:$B$2161,"Q1",Trades!$F$2:$F$2161,$A11,Trades!$M$2:$M$2161,1)/AH11) -> 0.86666667 | AJ11: =SUMIFS(Trades!$K$2:$K$2161,Trades!$A$2:$A$2161,"SILVER",Trades!$B$2:$B$2161,"Q1",Trades!$F$2:$F$2161,$A11) -> 96463.8 | AK11: =AK10+AJ11 -> 113770.5
A12: 45870 | B12: =COUNTIFS(Trades!$A$2:$A$2161,"SILVER",Trades!$B$2:$B$2161,"V0",Trades!$F$2:$F$2161,$A12) -> 3 | C12: =IF(B12=0,"",COUNTIFS(Trades!$A$2:$A$2161,"SILVER",Trades!$B$2:$B$2161,"V0",Trades!$F$2:$F$2161,$A12,Trades!$M$2:$M$2161,1)/B12) -> 1 | D12: =SUMIFS(Trades!$K$2:$K$2161,Trades!$A$2:$A$2161,"SILVER",Trades!$B$2:$B$2161,"V0",Trades!$F$2:$F$2161,$A12) -> 61602.3 | E12: =E11+D12 -> -20190.9 | F12: =COUNTIFS(Trades!$A$2:$A$2161,"SILVER",Trades!$B$2:$B$2161,"V1",Trades!$F$2:$F$2161,$A12) -> 1 | G12: =IF(F12=0,"",COUNTIFS(Trades!$A$2:$A$2161,"SILVER",Trades!$B$2:$B$2161,"V1",Trades!$F$2:$F$2161,$A12,Trades!$M$2:$M$2161,1)/F12) -> 1 | H12: =SUMIFS(Trades!$K$2:$K$2161,Trades!$A$2:$A$2161,"SILVER",Trades!$B$2:$B$2161,"V1",Trades!$F$2:$F$2161,$A12) -> 25665 | I12: =I11+H12 -> -9568.5 | J12: =COUNTIFS(Trades!$A$2:$A$2161,"SILVER",Trades!$B$2:$B$2161,"W8",Trades!$F$2:$F$2161,$A12) -> 1 | K12: =IF(J12=0,"",COUNTIFS(Trades!$A$2:$A$2161,"SILVER",Trades!$B$2:$B$2161,"W8",Trades!$F$2:$F$2161,$A12,Trades!$M$2:$M$2161,1)/J12) -> 1 | L12: =SUMIFS(Trades!$K$2:$K$2161,Trades!$A$2:$A$2161,"SILVER",Trades!$B$2:$B$2161,"W8",Trades!$F$2:$F$2161,$A12) -> 25665 | M12: =M11+L12 -> 100735.8 | N12: =COUNTIFS(Trades!$A$2:$A$2161,"SILVER",Trades!$B$2:$B$2161,"W8C",Trades!$F$2:$F$2161,$A12) -> 0 | O12: =IF(N12=0,"",COUNTIFS(Trades!$A$2:$A$2161,"SILVER",Trades!$B$2:$B$2161,"W8C",Trades!$F$2:$F$2161,$A12,Trades!$M$2:$M$2161,1)/N12) | P12: =SUMIFS(Trades!$K$2:$K$2161,Trades!$A$2:$A$2161,"SILVER",Trades!$B$2:$B$2161,"W8C",Trades!$F$2:$F$2161,$A12) -> 0 | Q12: =Q11+P12 -> 27854.4 | R12: =COUNTIFS(Trades!$A$2:$A$2161,"SILVER",Trades!$B$2:$B$2161,"T6",Trades!$F$2:$F$2161,$A12) -> 2 | S12: =IF(R12=0,"",COUNTIFS(Trades!$A$2:$A$2161,"SILVER",Trades!$B$2:$B$2161,"T6",Trades!$F$2:$F$2161,$A12,Trades!$M$2:$M$2161,1)/R12) -> 0.5 | T12: =SUMIFS(Trades!$K$2:$K$2161,Trades!$A$2:$A$2161,"SILVER",Trades!$B$2:$B$2161,"T6",Trades!$F$2:$F$2161,$A12) -> 34249.5 | U12: =U11+T12 -> -48559.5 | V12: =COUNTIFS(Trades!$A$2:$A$2161,"SILVER",Trades!$B$2:$B$2161,"T7",Trades!$F$2:$F$2161,$A12) -> 2 | W12: =IF(V12=0,"",COUNTIFS(Trades!$A$2:$A$2161,"SILVER",Trades!$B$2:$B$2161,"T7",Trades!$F$2:$F$2161,$A12,Trades!$M$2:$M$2161,1)/V12) -> 0.5 | X12: =SUMIFS(Trades!$K$2:$K$2161,Trades!$A$2:$A$2161,"SILVER",Trades!$B$2:$B$2161,"T7",Trades!$F$2:$F$2161,$A12) -> 24951 | Y12: =Y11+X12 -> 147374.1 | Z12: =COUNTIFS(Trades!$A$2:$A$2161,"SILVER",Trades!$B$2:$B$2161,"U1",Trades!$F$2:$F$2161,$A12) -> 3 | AA12: =IF(Z12=0,"",COUNTIFS(Trades!$A$2:$A$2161,"SILVER",Trades!$B$2:$B$2161,"U1",Trades!$F$2:$F$2161,$A12,Trades!$M$2:$M$2161,1)/Z12) -> 1 | AB12: =SUMIFS(Trades!$K$2:$K$2161,Trades!$A$2:$A$2161,"SILVER",Trades!$B$2:$B$2161,"U1",Trades!$F$2:$F$2161,$A12) -> 220557.9 | AC12: =AC11+AB12 -> 154244.1 | AD12: =COUNTIFS(Trades!$A$2:$A$2161,"SILVER",Trades!$B$2:$B$2161,"U9",Trades!$F$2:$F$2161,$A12) -> 17 | AE12: =IF(AD12=0,"",COUNTIFS(Trades!$A$2:$A$2161,"SILVER",Trades!$B$2:$B$2161,"U9",Trades!$F$2:$F$2161,$A12,Trades!$M$2:$M$2161,1)/AD12) -> 0.52941176 | AF12: =SUMIFS(Trades!$K$2:$K$2161,Trades!$A$2:$A$2161,"SILVER",Trades!$B$2:$B$2161,"U9",Trades!$F$2:$F$2161,$A12) -> 59542.8 | AG12: =AG11+AF12 -> 180073.5 | AH12: =COUNTIFS(Trades!$A$2:$A$2161,"SILVER",Trades!$B$2:$B$2161,"Q1",Trades!$F$2:$F$2161,$A12) -> 21 | AI12: =IF(AH12=0,"",COUNTIFS(Trades!$A$2:$A$2161,"SILVER",Trades!$B$2:$B$2161,"Q1",Trades!$F$2:$F$2161,$A12,Trades!$M$2:$M$2161,1)/AH12) -> 0.76190476 | AJ12: =SUMIFS(Trades!$K$2:$K$2161,Trades!$A$2:$A$2161,"SILVER",Trades!$B$2:$B$2161,"Q1",Trades!$F$2:$F$2161,$A12) -> 21654.9 | AK12: =AK11+AJ12 -> 135425.4
A13: 45901 | B13: =COUNTIFS(Trades!$A$2:$A$2161,"SILVER",Trades!$B$2:$B$2161,"V0",Trades!$F$2:$F$2161,$A13) -> 4 | C13: =IF(B13=0,"",COUNTIFS(Trades!$A$2:$A$2161,"SILVER",Trades!$B$2:$B$2161,"V0",Trades!$F$2:$F$2161,$A13,Trades!$M$2:$M$2161,1)/B13) -> 0.25 | D13: =SUMIFS(Trades!$K$2:$K$2161,Trades!$A$2:$A$2161,"SILVER",Trades!$B$2:$B$2161,"V0",Trades!$F$2:$F$2161,$A13) -> 4593.6 | E13: =E12+D13 -> -15597.3 | F13: =COUNTIFS(Trades!$A$2:$A$2161,"SILVER",Trades!$B$2:$B$2161,"V1",Trades!$F$2:$F$2161,$A13) -> 2 | G13: =IF(F13=0,"",COUNTIFS(Trades!$A$2:$A$2161,"SILVER",Trades!$B$2:$B$2161,"V1",Trades!$F$2:$F$2161,$A13,Trades!$M$2:$M$2161,1)/F13) -> 0.5 | H13: =SUMIFS(Trades!$K$2:$K$2161,Trades!$A$2:$A$2161,"SILVER",Trades!$B$2:$B$2161,"V1",Trades!$F$2:$F$2161,$A13) -> 207210.6 | I13: =I12+H13 -> 197642.1 | J13: =COUNTIFS(Trades!$A$2:$A$2161,"SILVER",Trades!$B$2:$B$2161,"W8",Trades!$F$2:$F$2161,$A13) -> 2 | K13: =IF(J13=0,"",COUNTIFS(Trades!$A$2:$A$2161,"SILVER",Trades!$B$2:$B$2161,"W8",Trades!$F$2:$F$2161,$A13,Trades!$M$2:$M$2161,1)/J13) -> 1 | L13: =SUMIFS(Trades!$K$2:$K$2161,Trades!$A$2:$A$2161,"SILVER",Trades!$B$2:$B$2161,"W8",Trades!$F$2:$F$2161,$A13) -> 247830.6 | M13: =M12+L13 -> 348566.4 | N13: =COUNTIFS(Trades!$A$2:$A$2161,"SILVER",Trades!$B$2:$B$2161,"W8C",Trades!$F$2:$F$2161,$A13) -> 2 | O13: =IF(N13=0,"",COUNTIFS(Trades!$A$2:$A$2161,"SILVER",Trades!$B$2:$B$2161,"W8C",Trades!$F$2:$F$2161,$A13,Trades!$M$2:$M$2161,1)/N13) -> 1 | P13: =SUMIFS(Trades!$K$2:$K$2161,Trades!$A$2:$A$2161,"SILVER",Trades!$B$2:$B$2161,"W8C",Trades!$F$2:$F$2161,$A13) -> 245173.8 | Q13: =Q12+P13 -> 273028.2 | R13: =COUNTIFS(Trades!$A$2:$A$2161,"SILVER",Trades!$B$2:$B$2161,"T6",Trades!$F$2:$F$2161,$A13) -> 4 | S13: =IF(R13=0,"",COUNTIFS(Trades!$A$2:$A$2161,"SILVER",Trades!$B$2:$B$2161,"T6",Trades!$F$2:$F$2161,$A13,Trades!$M$2:$M$2161,1)/R13) -> 0.75 | T13: =SUMIFS(Trades!$K$2:$K$2161,Trades!$A$2:$A$2161,"SILVER",Trades!$B$2:$B$2161,"T6",Trades!$F$2:$F$2161,$A13) -> 593900.1 | U13: =U12+T13 -> 545340.6 | V13: =COUNTIFS(Trades!$A$2:$A$2161,"SILVER",Trades!$B$2:$B$2161,"T7",Trades!$F$2:$F$2161,$A13) -> 4 | W13: =IF(V13=0,"",COUNTIFS(Trades!$A$2:$A$2161,"SILVER",Trades!$B$2:$B$2161,"T7",Trades!$F$2:$F$2161,$A13,Trades!$M$2:$M$2161,1)/V13) -> 0.75 | X13: =SUMIFS(Trades!$K$2:$K$2161,Trades!$A$2:$A$2161,"SILVER",Trades!$B$2:$B$2161,"T7",Trades!$F$2:$F$2161,$A13) -> 598068.9 | Y13: =Y12+X13 -> 745443 | Z13: =COUNTIFS(Trades!$A$2:$A$2161,"SILVER",Trades!$B$2:$B$2161,"U1",Trades!$F$2:$F$2161,$A13) -> 8 | AA13: =IF(Z13=0,"",COUNTIFS(Trades!$A$2:$A$2161,"SILVER",Trades!$B$2:$B$2161,"U1",Trades!$F$2:$F$2161,$A13,Trades!$M$2:$M$2161,1)/Z13) -> 0.5 | AB13: =SUMIFS(Trades!$K$2:$K$2161,Trades!$A$2:$A$2161,"SILVER",Trades!$B$2:$B$2161,"U1",Trades!$F$2:$F$2161,$A13) -> 412556.1 | AC13: =AC12+AB13 -> 566800.2 | AD13: =COUNTIFS(Trades!$A$2:$A$2161,"SILVER",Trades!$B$2:$B$2161,"U9",Trades!$F$2:$F$2161,$A13) -> 20 | AE13: =IF(AD13=0,"",COUNTIFS(Trades!$A$2:$A$2161,"SILVER",Trades!$B$2:$B$2161,"U9",Trades!$F$2:$F$2161,$A13,Trades!$M$2:$M$2161,1)/AD13) -> 0.7 | AF13: =SUMIFS(Trades!$K$2:$K$2161,Trades!$A$2:$A$2161,"SILVER",Trades!$B$2:$B$2161,"U9",Trades!$F$2:$F$2161,$A13) -> 436789.2 | AG13: =AG12+AF13 -> 616862.7 | AH13: =COUNTIFS(Trades!$A$2:$A$2161,"SILVER",Trades!$B$2:$B$2161,"Q1",Trades!$F$2:$F$2161,$A13) -> 22 | AI13: =IF(AH13=0,"",COUNTIFS(Trades!$A$2:$A$2161,"SILVER",Trades!$B$2:$B$2161,"Q1",Trades!$F$2:$F$2161,$A13,Trades!$M$2:$M$2161,1)/AH13) -> 0.72727273 | AJ13: =SUMIFS(Trades!$K$2:$K$2161,Trades!$A$2:$A$2161,"SILVER",Trades!$B$2:$B$2161,"Q1",Trades!$F$2:$F$2161,$A13) -> 338426.7 | AK13: =AK12+AJ13 -> 473852.1
A14: 45931 | B14: =COUNTIFS(Trades!$A$2:$A$2161,"SILVER",Trades!$B$2:$B$2161,"V0",Trades!$F$2:$F$2161,$A14) -> 4 | C14: =IF(B14=0,"",COUNTIFS(Trades!$A$2:$A$2161,"SILVER",Trades!$B$2:$B$2161,"V0",Trades!$F$2:$F$2161,$A14,Trades!$M$2:$M$2161,1)/B14) -> 0.75 | D14: =SUMIFS(Trades!$K$2:$K$2161,Trades!$A$2:$A$2161,"SILVER",Trades!$B$2:$B$2161,"V0",Trades!$F$2:$F$2161,$A14) -> 823170.3 | E14: =E13+D14 -> 807573 | F14: =COUNTIFS(Trades!$A$2:$A$2161,"SILVER",Trades!$B$2:$B$2161,"V1",Trades!$F$2:$F$2161,$A14) -> 2 | G14: =IF(F14=0,"",COUNTIFS(Trades!$A$2:$A$2161,"SILVER",Trades!$B$2:$B$2161,"V1",Trades!$F$2:$F$2161,$A14,Trades!$M$2:$M$2161,1)/F14) -> 1 | H14: =SUMIFS(Trades!$K$2:$K$2161,Trades!$A$2:$A$2161,"SILVER",Trades!$B$2:$B$2161,"V1",Trades!$F$2:$F$2161,$A14) -> 693718.2 | I14: =I13+H14 -> 891360.3 | J14: =COUNTIFS(Trades!$A$2:$A$2161,"SILVER",Trades!$B$2:$B$2161,"W8",Trades!$F$2:$F$2161,$A14) -> 2 | K14: =IF(J14=0,"",COUNTIFS(Trades!$A$2:$A$2161,"SILVER",Trades!$B$2:$B$2161,"W8",Trades!$F$2:$F$2161,$A14,Trades!$M$2:$M$2161,1)/J14) -> 1 | L14: =SUMIFS(Trades!$K$2:$K$2161,Trades!$A$2:$A$2161,"SILVER",Trades!$B$2:$B$2161,"W8",Trades!$F$2:$F$2161,$A14) -> 502412.1 | M14: =M13+L14 -> 850978.5 | N14: =COUNTIFS(Trades!$A$2:$A$2161,"SILVER",Trades!$B$2:$B$2161,"W8C",Trades!$F$2:$F$2161,$A14) -> 0 | O14: =IF(N14=0,"",COUNTIFS(Trades!$A$2:$A$2161,"SILVER",Trades!$B$2:$B$2161,"W8C",Trades!$F$2:$F$2161,$A14,Trades!$M$2:$M$2161,1)/N14) | P14: =SUMIFS(Trades!$K$2:$K$2161,Trades!$A$2:$A$2161,"SILVER",Trades!$B$2:$B$2161,"W8C",Trades!$F$2:$F$2161,$A14) -> 0 | Q14: =Q13+P14 -> 273028.2 | R14: =COUNTIFS(Trades!$A$2:$A$2161,"SILVER",Trades!$B$2:$B$2161,"T6",Trades!$F$2:$F$2161,$A14) -> 2 | S14: =IF(R14=0,"",COUNTIFS(Trades!$A$2:$A$2161,"SILVER",Trades!$B$2:$B$2161,"T6",Trades!$F$2:$F$2161,$A14,Trades!$M$2:$M$2161,1)/R14) -> 1 | T14: =SUMIFS(Trades!$K$2:$K$2161,Trades!$A$2:$A$2161,"SILVER",Trades!$B$2:$B$2161,"T6",Trades!$F$2:$F$2161,$A14) -> 305488.5 | U14: =U13+T14 -> 850829.1 | V14: =COUNTIFS(Trades!$A$2:$A$2161,"SILVER",Trades!$B$2:$B$2161,"T7",Trades!$F$2:$F$2161,$A14) -> 4 | W14: =IF(V14=0,"",COUNTIFS(Trades!$A$2:$A$2161,"SILVER",Trades!$B$2:$B$2161,"T7",Trades!$F$2:$F$2161,$A14,Trades!$M$2:$M$2161,1)/V14) -> 1 | X14: =SUMIFS(Trades!$K$2:$K$2161,Trades!$A$2:$A$2161,"SILVER",Trades!$B$2:$B$2161,"T7",Trades!$F$2:$F$2161,$A14) -> 362802.9 | Y14: =Y13+X14 -> 1108245.9 | Z14: =COUNTIFS(Trades!$A$2:$A$2161,"SILVER",Trades!$B$2:$B$2161,"U1",Trades!$F$2:$F$2161,$A14) -> 7 | AA14: =IF(Z14=0,"",COUNTIFS(Trades!$A$2:$A$2161,"SILVER",Trades!$B$2:$B$2161,"U1",Trades!$F$2:$F$2161,$A14,Trades!$M$2:$M$2161,1)/Z14) -> 0.71428571 | AB14: =SUMIFS(Trades!$K$2:$K$2161,Trades!$A$2:$A$2161,"SILVER",Trades!$B$2:$B$2161,"U1",Trades!$F$2:$F$2161,$A14) -> 64409.4 | AC14: =AC13+AB14 -> 631209.6 | AD14: =COUNTIFS(Trades!$A$2:$A$2161,"SILVER",Trades!$B$2:$B$2161,"U9",Trades!$F$2:$F$2161,$A14) -> 16 | AE14: =IF(AD14=0,"",COUNTIFS(Trades!$A$2:$A$2161,"SILVER",Trades!$B$2:$B$2161,"U9",Trades!$F$2:$F$2161,$A14,Trades!$M$2:$M$2161,1)/AD14) -> 0.75 | AF14: =SUMIFS(Trades!$K$2:$K$2161,Trades!$A$2:$A$2161,"SILVER",Trades!$B$2:$B$2161,"U9",Trades!$F$2:$F$2161,$A14) -> 252771.6 | AG14: =AG13+AF14 -> 869634.3 | AH14: =COUNTIFS(Trades!$A$2:$A$2161,"SILVER",Trades!$B$2:$B$2161,"Q1",Trades!$F$2:$F$2161,$A14) -> 20 | AI14: =IF(AH14=0,"",COUNTIFS(Trades!$A$2:$A$2161,"SILVER",Trades!$B$2:$B$2161,"Q1",Trades!$F$2:$F$2161,$A14,Trades!$M$2:$M$2161,1)/AH14) -> 0.85 | AJ14: =SUMIFS(Trades!$K$2:$K$2161,Trades!$A$2:$A$2161,"SILVER",Trades!$B$2:$B$2161,"Q1",Trades!$F$2:$F$2161,$A14) -> 27714 | AK14: =AK13+AJ14 -> 501566.1
A15: 45962 | B15: =COUNTIFS(Trades!$A$2:$A$2161,"SILVER",Trades!$B$2:$B$2161,"V0",Trades!$F$2:$F$2161,$A15) -> 2 | C15: =IF(B15=0,"",COUNTIFS(Trades!$A$2:$A$2161,"SILVER",Trades!$B$2:$B$2161,"V0",Trades!$F$2:$F$2161,$A15,Trades!$M$2:$M$2161,1)/B15) -> 0.5 | D15: =SUMIFS(Trades!$K$2:$K$2161,Trades!$A$2:$A$2161,"SILVER",Trades!$B$2:$B$2161,"V0",Trades!$F$2:$F$2161,$A15) -> 218063.4 | E15: =E14+D15 -> 1025636.4 | F15: =COUNTIFS(Trades!$A$2:$A$2161,"SILVER",Trades!$B$2:$B$2161,"V1",Trades!$F$2:$F$2161,$A15) -> 1 | G15: =IF(F15=0,"",COUNTIFS(Trades!$A$2:$A$2161,"SILVER",Trades!$B$2:$B$2161,"V1",Trades!$F$2:$F$2161,$A15,Trades!$M$2:$M$2161,1)/F15) -> 1 | H15: =SUMIFS(Trades!$K$2:$K$2161,Trades!$A$2:$A$2161,"SILVER",Trades!$B$2:$B$2161,"V1",Trades!$F$2:$F$2161,$A15) -> 271572.9 | I15: =I14+H15 -> 1162933.2 | J15: =COUNTIFS(Trades!$A$2:$A$2161,"SILVER",Trades!$B$2:$B$2161,"W8",Trades!$F$2:$F$2161,$A15) -> 1 | K15: =IF(J15=0,"",COUNTIFS(Trades!$A$2:$A$2161,"SILVER",Trades!$B$2:$B$2161,"W8",Trades!$F$2:$F$2161,$A15,Trades!$M$2:$M$2161,1)/J15) -> 1 | L15: =SUMIFS(Trades!$K$2:$K$2161,Trades!$A$2:$A$2161,"SILVER",Trades!$B$2:$B$2161,"W8",Trades!$F$2:$F$2161,$A15) -> 271572.9 | M15: =M14+L15 -> 1122551.4 | N15: =COUNTIFS(Trades!$A$2:$A$2161,"SILVER",Trades!$B$2:$B$2161,"W8C",Trades!$F$2:$F$2161,$A15) -> 1 | O15: =IF(N15=0,"",COUNTIFS(Trades!$A$2:$A$2161,"SILVER",Trades!$B$2:$B$2161,"W8C",Trades!$F$2:$F$2161,$A15,Trades!$M$2:$M$2161,1)/N15) -> 1 | P15: =SUMIFS(Trades!$K$2:$K$2161,Trades!$A$2:$A$2161,"SILVER",Trades!$B$2:$B$2161,"W8C",Trades!$F$2:$F$2161,$A15) -> 258881.7 | Q15: =Q14+P15 -> 531909.9 | R15: =COUNTIFS(Trades!$A$2:$A$2161,"SILVER",Trades!$B$2:$B$2161,"T6",Trades!$F$2:$F$2161,$A15) -> 2 | S15: =IF(R15=0,"",COUNTIFS(Trades!$A$2:$A$2161,"SILVER",Trades!$B$2:$B$2161,"T6",Trades!$F$2:$F$2161,$A15,Trades!$M$2:$M$2161,1)/R15) -> 0 | T15: =SUMIFS(Trades!$K$2:$K$2161,Trades!$A$2:$A$2161,"SILVER",Trades!$B$2:$B$2161,"T6",Trades!$F$2:$F$2161,$A15) -> -231587.4 | U15: =U14+T15 -> 619241.7 | V15: =COUNTIFS(Trades!$A$2:$A$2161,"SILVER",Trades!$B$2:$B$2161,"T7",Trades!$F$2:$F$2161,$A15) -> 3 | W15: =IF(V15=0,"",COUNTIFS(Trades!$A$2:$A$2161,"SILVER",Trades!$B$2:$B$2161,"T7",Trades!$F$2:$F$2161,$A15,Trades!$M$2:$M$2161,1)/V15) -> 1 | X15: =SUMIFS(Trades!$K$2:$K$2161,Trades!$A$2:$A$2161,"SILVER",Trades!$B$2:$B$2161,"T7",Trades!$F$2:$F$2161,$A15) -> 364507.8 | Y15: =Y14+X15 -> 1472753.7 | Z15: =COUNTIFS(Trades!$A$2:$A$2161,"SILVER",Trades!$B$2:$B$2161,"U1",Trades!$F$2:$F$2161,$A15) -> 6 | AA15: =IF(Z15=0,"",COUNTIFS(Trades!$A$2:$A$2161,"SILVER",Trades!$B$2:$B$2161,"U1",Trades!$F$2:$F$2161,$A15,Trades!$M$2:$M$2161,1)/Z15) -> 0.66666667 | AB15: =SUMIFS(Trades!$K$2:$K$2161,Trades!$A$2:$A$2161,"SILVER",Trades!$B$2:$B$2161,"U1",Trades!$F$2:$F$2161,$A15) -> 181269 | AC15: =AC14+AB15 -> 812478.6 | AD15: =COUNTIFS(Trades!$A$2:$A$2161,"SILVER",Trades!$B$2:$B$2161,"U9",Trades!$F$2:$F$2161,$A15) -> 18 | AE15: =IF(AD15=0,"",COUNTIFS(Trades!$A$2:$A$2161,"SILVER",Trades!$B$2:$B$2161,"U9",Trades!$F$2:$F$2161,$A15,Trades!$M$2:$M$2161,1)/AD15) -> 0.61111111 | AF15: =SUMIFS(Trades!$K$2:$K$2161,Trades!$A$2:$A$2161,"SILVER",Trades!$B$2:$B$2161,"U9",Trades!$F$2:$F$2161,$A15) -> 154902 | AG15: =AG14+AF15 -> 1024536.3 | AH15: =COUNTIFS(Trades!$A$2:$A$2161,"SILVER",Trades!$B$2:$B$2161,"Q1",Trades!$F$2:$F$2161,$A15) -> 17 | AI15: =IF(AH15=0,"",COUNTIFS(Trades!$A$2:$A$2161,"SILVER",Trades!$B$2:$B$2161,"Q1",Trades!$F$2:$F$2161,$A15,Trades!$M$2:$M$2161,1)/AH15) -> 0.64705882 | AJ15: =SUMIFS(Trades!$K$2:$K$2161,Trades!$A$2:$A$2161,"SILVER",Trades!$B$2:$B$2161,"Q1",Trades!$F$2:$F$2161,$A15) -> 199308.3 | AK15: =AK14+AJ15 -> 700874.4
A16: 45992 | B16: =COUNTIFS(Trades!$A$2:$A$2161,"SILVER",Trades!$B$2:$B$2161,"V0",Trades!$F$2:$F$2161,$A16) -> 4 | C16: =IF(B16=0,"",COUNTIFS(Trades!$A$2:$A$2161,"SILVER",Trades!$B$2:$B$2161,"V0",Trades!$F$2:$F$2161,$A16,Trades!$M$2:$M$2161,1)/B16) -> 0.5 | D16: =SUMIFS(Trades!$K$2:$K$2161,Trades!$A$2:$A$2161,"SILVER",Trades!$B$2:$B$2161,"V0",Trades!$F$2:$F$2161,$A16) -> 692823.3 | E16: =E15+D16 -> 1718459.7 | F16: =COUNTIFS(Trades!$A$2:$A$2161,"SILVER",Trades!$B$2:$B$2161,"V1",Trades!$F$2:$F$2161,$A16) -> 2 | G16: =IF(F16=0,"",COUNTIFS(Trades!$A$2:$A$2161,"SILVER",Trades!$B$2:$B$2161,"V1",Trades!$F$2:$F$2161,$A16,Trades!$M$2:$M$2161,1)/F16) -> 1 | H16: =SUMIFS(Trades!$K$2:$K$2161,Trades!$A$2:$A$2161,"SILVER",Trades!$B$2:$B$2161,"V1",Trades!$F$2:$F$2161,$A16) -> 1534785.9 | I16: =I15+H16 -> 2697719.1 | J16: =COUNTIFS(Trades!$A$2:$A$2161,"SILVER",Trades!$B$2:$B$2161,"W8",Trades!$F$2:$F$2161,$A16) -> 2 | K16: =IF(J16=0,"",COUNTIFS(Trades!$A$2:$A$2161,"SILVER",Trades!$B$2:$B$2161,"W8",Trades!$F$2:$F$2161,$A16,Trades!$M$2:$M$2161,1)/J16) -> 1 | L16: =SUMIFS(Trades!$K$2:$K$2161,Trades!$A$2:$A$2161,"SILVER",Trades!$B$2:$B$2161,"W8",Trades!$F$2:$F$2161,$A16) -> 1534785.9 | M16: =M15+L16 -> 2657337.3 | N16: =COUNTIFS(Trades!$A$2:$A$2161,"SILVER",Trades!$B$2:$B$2161,"W8C",Trades!$F$2:$F$2161,$A16) -> 1 | O16: =IF(N16=0,"",COUNTIFS(Trades!$A$2:$A$2161,"SILVER",Trades!$B$2:$B$2161,"W8C",Trades!$F$2:$F$2161,$A16,Trades!$M$2:$M$2161,1)/N16) -> 1 | P16: =SUMIFS(Trades!$K$2:$K$2161,Trades!$A$2:$A$2161,"SILVER",Trades!$B$2:$B$2161,"W8C",Trades!$F$2:$F$2161,$A16) -> 646464.9 | Q16: =Q15+P16 -> 1178374.8 | R16: =COUNTIFS(Trades!$A$2:$A$2161,"SILVER",Trades!$B$2:$B$2161,"T6",Trades!$F$2:$F$2161,$A16) -> 3 | S16: =IF(R16=0,"",COUNTIFS(Trades!$A$2:$A$2161,"SILVER",Trades!$B$2:$B$2161,"T6",Trades!$F$2:$F$2161,$A16,Trades!$M$2:$M$2161,1)/R16) -> 0.66666667 | T16: =SUMIFS(Trades!$K$2:$K$2161,Trades!$A$2:$A$2161,"SILVER",Trades!$B$2:$B$2161,"T6",Trades!$F$2:$F$2161,$A16) -> 2109762 | U16: =U15+T16 -> 2729003.7 | V16: =COUNTIFS(Trades!$A$2:$A$2161,"SILVER",Trades!$B$2:$B$2161,"T7",Trades!$F$2:$F$2161,$A16) -> 3 | W16: =IF(V16=0,"",COUNTIFS(Trades!$A$2:$A$2161,"SILVER",Trades!$B$2:$B$2161,"T7",Trades!$F$2:$F$2161,$A16,Trades!$M$2:$M$2161,1)/V16) -> 0.66666667 | X16: =SUMIFS(Trades!$K$2:$K$2161,Trades!$A$2:$A$2161,"SILVER",Trades!$B$2:$B$2161,"T7",Trades!$F$2:$F$2161,$A16) -> 1527627.6 | Y16: =Y15+X16 -> 3000381.3 | Z16: =COUNTIFS(Trades!$A$2:$A$2161,"SILVER",Trades!$B$2:$B$2161,"U1",Trades!$F$2:$F$2161,$A16) -> 10 | AA16: =IF(Z16=0,"",COUNTIFS(Trades!$A$2:$A$2161,"SILVER",Trades!$B$2:$B$2161,"U1",Trades!$F$2:$F$2161,$A16,Trades!$M$2:$M$2161,1)/Z16) -> 0.6 | AB16: =SUMIFS(Trades!$K$2:$K$2161,Trades!$A$2:$A$2161,"SILVER",Trades!$B$2:$B$2161,"U1",Trades!$F$2:$F$2161,$A16) -> 974662.2 | AC16: =AC15+AB16 -> 1787140.8 | AD16: =COUNTIFS(Trades!$A$2:$A$2161,"SILVER",Trades!$B$2:$B$2161,"U9",Trades!$F$2:$F$2161,$A16) -> 20 | AE16: =IF(AD16=0,"",COUNTIFS(Trades!$A$2:$A$2161,"SILVER",Trades!$B$2:$B$2161,"U9",Trades!$F$2:$F$2161,$A16,Trades!$M$2:$M$2161,1)/AD16) -> 0.75 | AF16: =SUMIFS(Trades!$K$2:$K$2161,Trades!$A$2:$A$2161,"SILVER",Trades!$B$2:$B$2161,"U9",Trades!$F$2:$F$2161,$A16) -> 1288905.6 | AG16: =AG15+AF16 -> 2313441.9 | AH16: =COUNTIFS(Trades!$A$2:$A$2161,"SILVER",Trades!$B$2:$B$2161,"Q1",Trades!$F$2:$F$2161,$A16) -> 23 | AI16: =IF(AH16=0,"",COUNTIFS(Trades!$A$2:$A$2161,"SILVER",Trades!$B$2:$B$2161,"Q1",Trades!$F$2:$F$2161,$A16,Trades!$M$2:$M$2161,1)/AH16) -> 0.73913043 | AJ16: =SUMIFS(Trades!$K$2:$K$2161,Trades!$A$2:$A$2161,"SILVER",Trades!$B$2:$B$2161,"Q1",Trades!$F$2:$F$2161,$A16) -> 1041273.3 | AK16: =AK15+AJ16 -> 1742147.7
A17: 46023 | B17: =COUNTIFS(Trades!$A$2:$A$2161,"SILVER",Trades!$B$2:$B$2161,"V0",Trades!$F$2:$F$2161,$A17) -> 5 | C17: =IF(B17=0,"",COUNTIFS(Trades!$A$2:$A$2161,"SILVER",Trades!$B$2:$B$2161,"V0",Trades!$F$2:$F$2161,$A17,Trades!$M$2:$M$2161,1)/B17) -> 0.6 | D17: =SUMIFS(Trades!$K$2:$K$2161,Trades!$A$2:$A$2161,"SILVER",Trades!$B$2:$B$2161,"V0",Trades!$F$2:$F$2161,$A17) -> -86237.7 | E17: =E16+D17 -> 1632222 | F17: =COUNTIFS(Trades!$A$2:$A$2161,"SILVER",Trades!$B$2:$B$2161,"V1",Trades!$F$2:$F$2161,$A17) -> 3 | G17: =IF(F17=0,"",COUNTIFS(Trades!$A$2:$A$2161,"SILVER",Trades!$B$2:$B$2161,"V1",Trades!$F$2:$F$2161,$A17,Trades!$M$2:$M$2161,1)/F17) -> 1 | H17: =SUMIFS(Trades!$K$2:$K$2161,Trades!$A$2:$A$2161,"SILVER",Trades!$B$2:$B$2161,"V1",Trades!$F$2:$F$2161,$A17) -> 1803102.9 | I17: =I16+H17 -> 4500822 | J17: =COUNTIFS(Trades!$A$2:$A$2161,"SILVER",Trades!$B$2:$B$2161,"W8",Trades!$F$2:$F$2161,$A17) -> 3 | K17: =IF(J17=0,"",COUNTIFS(Trades!$A$2:$A$2161,"SILVER",Trades!$B$2:$B$2161,"W8",Trades!$F$2:$F$2161,$A17,Trades!$M$2:$M$2161,1)/J17) -> 1 | L17: =SUMIFS(Trades!$K$2:$K$2161,Trades!$A$2:$A$2161,"SILVER",Trades!$B$2:$B$2161,"W8",Trades!$F$2:$F$2161,$A17) -> 1691348.4 | M17: =M16+L17 -> 4348685.7 | N17: =COUNTIFS(Trades!$A$2:$A$2161,"SILVER",Trades!$B$2:$B$2161,"W8C",Trades!$F$2:$F$2161,$A17) -> 1 | O17: =IF(N17=0,"",COUNTIFS(Trades!$A$2:$A$2161,"SILVER",Trades!$B$2:$B$2161,"W8C",Trades!$F$2:$F$2161,$A17,Trades!$M$2:$M$2161,1)/N17) -> 1 | P17: =SUMIFS(Trades!$K$2:$K$2161,Trades!$A$2:$A$2161,"SILVER",Trades!$B$2:$B$2161,"W8C",Trades!$F$2:$F$2161,$A17) -> 1529008.2 | Q17: =Q16+P17 -> 2707383 | R17: =COUNTIFS(Trades!$A$2:$A$2161,"SILVER",Trades!$B$2:$B$2161,"T6",Trades!$F$2:$F$2161,$A17) -> 3 | S17: =IF(R17=0,"",COUNTIFS(Trades!$A$2:$A$2161,"SILVER",Trades!$B$2:$B$2161,"T6",Trades!$F$2:$F$2161,$A17,Trades!$M$2:$M$2161,1)/R17) -> 1 | T17: =SUMIFS(Trades!$K$2:$K$2161,Trades!$A$2:$A$2161,"SILVER",Trades!$B$2:$B$2161,"T6",Trades!$F$2:$F$2161,$A17) -> 3074079 | U17: =U16+T17 -> 5803082.7 | V17: =COUNTIFS(Trades!$A$2:$A$2161,"SILVER",Trades!$B$2:$B$2161,"T7",Trades!$F$2:$F$2161,$A17) -> 3 | W17: =IF(V17=0,"",COUNTIFS(Trades!$A$2:$A$2161,"SILVER",Trades!$B$2:$B$2161,"T7",Trades!$F$2:$F$2161,$A17,Trades!$M$2:$M$2161,1)/V17) -> 1 | X17: =SUMIFS(Trades!$K$2:$K$2161,Trades!$A$2:$A$2161,"SILVER",Trades!$B$2:$B$2161,"T7",Trades!$F$2:$F$2161,$A17) -> 3048620.7 | Y17: =Y16+X17 -> 6049002 | Z17: =COUNTIFS(Trades!$A$2:$A$2161,"SILVER",Trades!$B$2:$B$2161,"U1",Trades!$F$2:$F$2161,$A17) -> 7 | AA17: =IF(Z17=0,"",COUNTIFS(Trades!$A$2:$A$2161,"SILVER",Trades!$B$2:$B$2161,"U1",Trades!$F$2:$F$2161,$A17,Trades!$M$2:$M$2161,1)/Z17) -> 0.85714286 | AB17: =SUMIFS(Trades!$K$2:$K$2161,Trades!$A$2:$A$2161,"SILVER",Trades!$B$2:$B$2161,"U1",Trades!$F$2:$F$2161,$A17) -> 2450633.4 | AC17: =AC16+AB17 -> 4237774.2 | AD17: =COUNTIFS(Trades!$A$2:$A$2161,"SILVER",Trades!$B$2:$B$2161,"U9",Trades!$F$2:$F$2161,$A17) -> 17 | AE17: =IF(AD17=0,"",COUNTIFS(Trades!$A$2:$A$2161,"SILVER",Trades!$B$2:$B$2161,"U9",Trades!$F$2:$F$2161,$A17,Trades!$M$2:$M$2161,1)/AD17) -> 0.76470588 | AF17: =SUMIFS(Trades!$K$2:$K$2161,Trades!$A$2:$A$2161,"SILVER",Trades!$B$2:$B$2161,"U9",Trades!$F$2:$F$2161,$A17) -> 3535317.3 | AG17: =AG16+AF17 -> 5848759.2 | AH17: =COUNTIFS(Trades!$A$2:$A$2161,"SILVER",Trades!$B$2:$B$2161,"Q1",Trades!$F$2:$F$2161,$A17) -> 20 | AI17: =IF(AH17=0,"",COUNTIFS(Trades!$A$2:$A$2161,"SILVER",Trades!$B$2:$B$2161,"Q1",Trades!$F$2:$F$2161,$A17,Trades!$M$2:$M$2161,1)/AH17) -> 0.9 | AJ17: =SUMIFS(Trades!$K$2:$K$2161,Trades!$A$2:$A$2161,"SILVER",Trades!$B$2:$B$2161,"Q1",Trades!$F$2:$F$2161,$A17) -> 2114211.9 | AK17: =AK16+AJ17 -> 3856359.6
... A25: 46266 | B25: =COUNTIFS(Trades!$A$2:$A$2161,"SILVER",Trades!$B$2:$B$2161,"V0",Trades!$F$2:$F$2161,$A25) -> 4 | C25: =IF(B25=0,"",COUNTIFS(Trades!$A$2:$A$2161,"SILVER",Trades!$B$2:$B$2161,"V0",Trades!$F$2:$F$2161,$A25,Trades!$M$2:$M$2161,1)/B25) -> 0.25 | D25: =SUMIFS(Trades!$K$2:$K$2161,Trades!$A$2:$A$2161,"SILVER",Trades!$B$2:$B$2161,"V0",Trades!$F$2:$F$2161,$A25) -> -240175.5 | E25: =E24+D25 -> 6378578.1 | F25: =COUNTIFS(Trades!$A$2:$A$2161,"SILVER",Trades!$B$2:$B$2161,"V1",Trades!$F$2:$F$2161,$A25) -> 2 | G25: =IF(F25=0,"",COUNTIFS(Trades!$A$2:$A$2161,"SILVER",Trades!$B$2:$B$2161,"V1",Trades!$F$2:$F$2161,$A25,Trades!$M$2:$M$2161,1)/F25) -> 0.5 | H25: =SUMIFS(Trades!$K$2:$K$2161,Trades!$A$2:$A$2161,"SILVER",Trades!$B$2:$B$2161,"V1",Trades!$F$2:$F$2161,$A25) -> 54327.9 | I25: =I24+H25 -> 5793475.8 | J25: =COUNTIFS(Trades!$A$2:$A$2161,"SILVER",Trades!$B$2:$B$2161,"W8",Trades!$F$2:$F$2161,$A25) -> 1 | K25: =IF(J25=0,"",COUNTIFS(Trades!$A$2:$A$2161,"SILVER",Trades!$B$2:$B$2161,"W8",Trades!$F$2:$F$2161,$A25,Trades!$M$2:$M$2161,1)/J25) -> 0 | L25: =SUMIFS(Trades!$K$2:$K$2161,Trades!$A$2:$A$2161,"SILVER",Trades!$B$2:$B$2161,"W8",Trades!$F$2:$F$2161,$A25) -> -21840.3 | M25: =M24+L25 -> 5072715.3 | N25: =COUNTIFS(Trades!$A$2:$A$2161,"SILVER",Trades!$B$2:$B$2161,"W8C",Trades!$F$2:$F$2161,$A25) -> 2 | O25: =IF(N25=0,"",COUNTIFS(Trades!$A$2:$A$2161,"SILVER",Trades!$B$2:$B$2161,"W8C",Trades!$F$2:$F$2161,$A25,Trades!$M$2:$M$2161,1)/N25) -> 0.5 | P25: =SUMIFS(Trades!$K$2:$K$2161,Trades!$A$2:$A$2161,"SILVER",Trades!$B$2:$B$2161,"W8C",Trades!$F$2:$F$2161,$A25) -> -148735.5 | Q25: =Q24+P25 -> 3316208.4 | R25: =COUNTIFS(Trades!$A$2:$A$2161,"SILVER",Trades!$B$2:$B$2161,"T6",Trades!$F$2:$F$2161,$A25) -> 3 | S25: =IF(R25=0,"",COUNTIFS(Trades!$A$2:$A$2161,"SILVER",Trades!$B$2:$B$2161,"T6",Trades!$F$2:$F$2161,$A25,Trades!$M$2:$M$2161,1)/R25) -> 1 | T25: =SUMIFS(Trades!$K$2:$K$2161,Trades!$A$2:$A$2161,"SILVER",Trades!$B$2:$B$2161,"T6",Trades!$F$2:$F$2161,$A25) -> 50516.1 | U25: =U24+T25 -> 5244862.2 | V25: =COUNTIFS(Trades!$A$2:$A$2161,"SILVER",Trades!$B$2:$B$2161,"T7",Trades!$F$2:$F$2161,$A25) -> 4 | W25: =IF(V25=0,"",COUNTIFS(Trades!$A$2:$A$2161,"SILVER",Trades!$B$2:$B$2161,"T7",Trades!$F$2:$F$2161,$A25,Trades!$M$2:$M$2161,1)/V25) -> 0.75 | X25: =SUMIFS(Trades!$K$2:$K$2161,Trades!$A$2:$A$2161,"SILVER",Trades!$B$2:$B$2161,"T7",Trades!$F$2:$F$2161,$A25) -> -61281.6 | Y25: =Y24+X25 -> 6679868.7 | Z25: =COUNTIFS(Trades!$A$2:$A$2161,"SILVER",Trades!$B$2:$B$2161,"U1",Trades!$F$2:$F$2161,$A25) -> 8 | AA25: =IF(Z25=0,"",COUNTIFS(Trades!$A$2:$A$2161,"SILVER",Trades!$B$2:$B$2161,"U1",Trades!$F$2:$F$2161,$A25,Trades!$M$2:$M$2161,1)/Z25) -> 0.5 | AB25: =SUMIFS(Trades!$K$2:$K$2161,Trades!$A$2:$A$2161,"SILVER",Trades!$B$2:$B$2161,"U1",Trades!$F$2:$F$2161,$A25) -> -187527.3 | AC25: =AC24+AB25 -> 4918910.4 | AD25: =COUNTIFS(Trades!$A$2:$A$2161,"SILVER",Trades!$B$2:$B$2161,"U9",Trades!$F$2:$F$2161,$A25) -> 12 | AE25: =IF(AD25=0,"",COUNTIFS(Trades!$A$2:$A$2161,"SILVER",Trades!$B$2:$B$2161,"U9",Trades!$F$2:$F$2161,$A25,Trades!$M$2:$M$2161,1)/AD25) -> 0.75 | AF25: =SUMIFS(Trades!$K$2:$K$2161,Trades!$A$2:$A$2161,"SILVER",Trades!$B$2:$B$2161,"U9",Trades!$F$2:$F$2161,$A25) -> 591735.6 | AG25: =AG24+AF25 -> 9616894.2 | AH25: =COUNTIFS(Trades!$A$2:$A$2161,"SILVER",Trades!$B$2:$B$2161,"Q1",Trades!$F$2:$F$2161,$A25) -> 9 | AI25: =IF(AH25=0,"",COUNTIFS(Trades!$A$2:$A$2161,"SILVER",Trades!$B$2:$B$2161,"Q1",Trades!$F$2:$F$2161,$A25,Trades!$M$2:$M$2161,1)/AH25) -> 0.88888889 | AJ25: =SUMIFS(Trades!$K$2:$K$2161,Trades!$A$2:$A$2161,"SILVER",Trades!$B$2:$B$2161,"Q1",Trades!$F$2:$F$2161,$A25) -> 103499.4 | AK25: =AK24+AJ25 -> 7429502.1
A27: 2025 total | B27: =SUMIFS(B$5:B$25,$A$5:$A$25,">="&DATE(2025,1,1),$A$5:$A$25,"<"&DATE(2026,1,1)) -> 38 | C27: =IF(B27=0,"",COUNTIFS(Trades!$A$2:$A$2161,"SILVER",Trades!$B$2:$B$2161,"V0",Trades!$E$2:$E$2161,">="&DATE(2025,1,1),Trades!$E$2:$E$2161,"<"&DATE(2026,1,1),Trades!$M$2:$M$2161,1)/B27) -> 0.44736842 | D27: =SUMIFS(D$5:D$25,$A$5:$A$25,">="&DATE(2025,1,1),$A$5:$A$25,"<"&DATE(2026,1,1)) -> 1718459.7 | F27: =SUMIFS(F$5:F$25,$A$5:$A$25,">="&DATE(2025,1,1),$A$5:$A$25,"<"&DATE(2026,1,1)) -> 17 | G27: =IF(F27=0,"",COUNTIFS(Trades!$A$2:$A$2161,"SILVER",Trades!$B$2:$B$2161,"V1",Trades!$E$2:$E$2161,">="&DATE(2025,1,1),Trades!$E$2:$E$2161,"<"&DATE(2026,1,1),Trades!$M$2:$M$2161,1)/F27) -> 0.58823529 | H27: =SUMIFS(H$5:H$25,$A$5:$A$25,">="&DATE(2025,1,1),$A$5:$A$25,"<"&DATE(2026,1,1)) -> 2697719.1 | J27: =SUMIFS(J$5:J$25,$A$5:$A$25,">="&DATE(2025,1,1),$A$5:$A$25,"<"&DATE(2026,1,1)) -> 17 | K27: =IF(J27=0,"",COUNTIFS(Trades!$A$2:$A$2161,"SILVER",Trades!$B$2:$B$2161,"W8",Trades!$E$2:$E$2161,">="&DATE(2025,1,1),Trades!$E$2:$E$2161,"<"&DATE(2026,1,1),Trades!$M$2:$M$2161,1)/J27) -> 0.82352941 | L27: =SUMIFS(L$5:L$25,$A$5:$A$25,">="&DATE(2025,1,1),$A$5:$A$25,"<"&DATE(2026,1,1)) -> 2657337.3 | N27: =SUMIFS(N$5:N$25,$A$5:$A$25,">="&DATE(2025,1,1),$A$5:$A$25,"<"&DATE(2026,1,1)) -> 8 | O27: =IF(N27=0,"",COUNTIFS(Trades!$A$2:$A$2161,"SILVER",Trades!$B$2:$B$2161,"W8C",Trades!$E$2:$E$2161,">="&DATE(2025,1,1),Trades!$E$2:$E$2161,"<"&DATE(2026,1,1),Trades!$M$2:$M$2161,1)/N27) -> 1 | P27: =SUMIFS(P$5:P$25,$A$5:$A$25,">="&DATE(2025,1,1),$A$5:$A$25,"<"&DATE(2026,1,1)) -> 1178374.8 | R27: =SUMIFS(R$5:R$25,$A$5:$A$25,">="&DATE(2025,1,1),$A$5:$A$25,"<"&DATE(2026,1,1)) -> 28 | S27: =IF(R27=0,"",COUNTIFS(Trades!$A$2:$A$2161,"SILVER",Trades!$B$2:$B$2161,"T6",Trades!$E$2:$E$2161,">="&DATE(2025,1,1),Trades!$E$2:$E$2161,"<"&DATE(2026,1,1),Trades!$M$2:$M$2161,1)/R27) -> 0.67857143 | T27: =SUMIFS(T$5:T$25,$A$5:$A$25,">="&DATE(2025,1,1),$A$5:$A$25,"<"&DATE(2026,1,1)) -> 2729003.7 | V27: =SUMIFS(V$5:V$25,$A$5:$A$25,">="&DATE(2025,1,1),$A$5:$A$25,"<"&DATE(2026,1,1)) -> 38 | W27: =IF(V27=0,"",COUNTIFS(Trades!$A$2:$A$2161,"SILVER",Trades!$B$2:$B$2161,"T7",Trades!$E$2:$E$2161,">="&DATE(2025,1,1),Trades!$E$2:$E$2161,"<"&DATE(2026,1,1),Trades!$M$2:$M$2161,1)/V27) -> 0.76315789 | X27: =SUMIFS(X$5:X$25,$A$5:$A$25,">="&DATE(2025,1,1),$A$5:$A$25,"<"&DATE(2026,1,1)) -> 3000381.3 | Z27: =SUMIFS(Z$5:Z$25,$A$5:$A$25,">="&DATE(2025,1,1),$A$5:$A$25,"<"&DATE(2026,1,1)) -> 68 | AA27: =IF(Z27=0,"",COUNTIFS(Trades!$A$2:$A$2161,"SILVER",Trades!$B$2:$B$2161,"U1",Trades!$E$2:$E$2161,">="&DATE(2025,1,1),Trades!$E$2:$E$2161,"<"&DATE(2026,1,1),Trades!$M$2:$M$2161,1)/Z27) -> 0.60294118 | AB27: =SUMIFS(AB$5:AB$25,$A$5:$A$25,">="&DATE(2025,1,1),$A$5:$A$25,"<"&DATE(2026,1,1)) -> 1787140.8 | AD27: =SUMIFS(AD$5:AD$25,$A$5:$A$25,">="&DATE(2025,1,1),$A$5:$A$25,"<"&DATE(2026,1,1)) -> 199 | AE27: =IF(AD27=0,"",COUNTIFS(Trades!$A$2:$A$2161,"SILVER",Trades!$B$2:$B$2161,"U9",Trades!$E$2:$E$2161,">="&DATE(2025,1,1),Trades!$E$2:$E$2161,"<"&DATE(2026,1,1),Trades!$M$2:$M$2161,1)/AD27) -> 0.6281407 | AF27: =SUMIFS(AF$5:AF$25,$A$5:$A$25,">="&DATE(2025,1,1),$A$5:$A$25,"<"&DATE(2026,1,1)) -> 2313441.9 | AH27: =SUMIFS(AH$5:AH$25,$A$5:$A$25,">="&DATE(2025,1,1),$A$5:$A$25,"<"&DATE(2026,1,1)) -> 195 | AI27: =IF(AH27=0,"",COUNTIFS(Trades!$A$2:$A$2161,"SILVER",Trades!$B$2:$B$2161,"Q1",Trades!$E$2:$E$2161,">="&DATE(2025,1,1),Trades!$E$2:$E$2161,"<"&DATE(2026,1,1),Trades!$M$2:$M$2161,1)/AH27) -> 0.72820513 | AJ27: =SUMIFS(AJ$5:AJ$25,$A$5:$A$25,">="&DATE(2025,1,1),$A$5:$A$25,"<"&DATE(2026,1,1)) -> 1742147.7
A28: 2026 total (to Sep) | B28: =SUMIFS(B$5:B$25,$A$5:$A$25,">="&DATE(2026,1,1),$A$5:$A$25,"<"&DATE(2027,1,1)) -> 31 | C28: =IF(B28=0,"",COUNTIFS(Trades!$A$2:$A$2161,"SILVER",Trades!$B$2:$B$2161,"V0",Trades!$E$2:$E$2161,">="&DATE(2026,1,1),Trades!$E$2:$E$2161,"<"&DATE(2027,1,1),Trades!$M$2:$M$2161,1)/B28) -> 0.51612903 | D28: =SUMIFS(D$5:D$25,$A$5:$A$25,">="&DATE(2026,1,1),$A$5:$A$25,"<"&DATE(2027,1,1)) -> 4660118.4 | F28: =SUMIFS(F$5:F$25,$A$5:$A$25,">="&DATE(2026,1,1),$A$5:$A$25,"<"&DATE(2027,1,1)) -> 15 | G28: =IF(F28=0,"",COUNTIFS(Trades!$A$2:$A$2161,"SILVER",Trades!$B$2:$B$2161,"V1",Trades!$E$2:$E$2161,">="&DATE(2026,1,1),Trades!$E$2:$E$2161,"<"&DATE(2027,1,1),Trades!$M$2:$M$2161,1)/F28) -> 0.6 | H28: =SUMIFS(H$5:H$25,$A$5:$A$25,">="&DATE(2026,1,1),$A$5:$A$25,"<"&DATE(2027,1,1)) -> 3095756.7 | J28: =SUMIFS(J$5:J$25,$A$5:$A$25,">="&DATE(2026,1,1),$A$5:$A$25,"<"&DATE(2027,1,1)) -> 15 | K28: =IF(J28=0,"",COUNTIFS(Trades!$A$2:$A$2161,"SILVER",Trades!$B$2:$B$2161,"W8",Trades!$E$2:$E$2161,">="&DATE(2026,1,1),Trades!$E$2:$E$2161,"<"&DATE(2027,1,1),Trades!$M$2:$M$2161,1)/J28) -> 0.73333333 | L28: =SUMIFS(L$5:L$25,$A$5:$A$25,">="&DATE(2026,1,1),$A$5:$A$25,"<"&DATE(2027,1,1)) -> 2415378 | N28: =SUMIFS(N$5:N$25,$A$5:$A$25,">="&DATE(2026,1,1),$A$5:$A$25,"<"&DATE(2027,1,1)) -> 8 | O28: =IF(N28=0,"",COUNTIFS(Trades!$A$2:$A$2161,"SILVER",Trades!$B$2:$B$2161,"W8C",Trades!$E$2:$E$2161,">="&DATE(2026,1,1),Trades!$E$2:$E$2161,"<"&DATE(2027,1,1),Trades!$M$2:$M$2161,1)/N28) -> 0.875 | P28: =SUMIFS(P$5:P$25,$A$5:$A$25,">="&DATE(2026,1,1),$A$5:$A$25,"<"&DATE(2027,1,1)) -> 2137833.6 | R28: =SUMIFS(R$5:R$25,$A$5:$A$25,">="&DATE(2026,1,1),$A$5:$A$25,"<"&DATE(2027,1,1)) -> 27 | S28: =IF(R28=0,"",COUNTIFS(Trades!$A$2:$A$2161,"SILVER",Trades!$B$2:$B$2161,"T6",Trades!$E$2:$E$2161,">="&DATE(2026,1,1),Trades!$E$2:$E$2161,"<"&DATE(2027,1,1),Trades!$M$2:$M$2161,1)/R28) -> 0.62962963 | T28: =SUMIFS(T$5:T$25,$A$5:$A$25,">="&DATE(2026,1,1),$A$5:$A$25,"<"&DATE(2027,1,1)) -> 2515858.5 | V28: =SUMIFS(V$5:V$25,$A$5:$A$25,">="&DATE(2026,1,1),$A$5:$A$25,"<"&DATE(2027,1,1)) -> 35 | W28: =IF(V28=0,"",COUNTIFS(Trades!$A$2:$A$2161,"SILVER",Trades!$B$2:$B$2161,"T7",Trades!$E$2:$E$2161,">="&DATE(2026,1,1),Trades!$E$2:$E$2161,"<"&DATE(2027,1,1),Trades!$M$2:$M$2161,1)/V28) -> 0.65714286 | X28: =SUMIFS(X$5:X$25,$A$5:$A$25,">="&DATE(2026,1,1),$A$5:$A$25,"<"&DATE(2027,1,1)) -> 3679487.4 | Z28: =SUMIFS(Z$5:Z$25,$A$5:$A$25,">="&DATE(2026,1,1),$A$5:$A$25,"<"&DATE(2027,1,1)) -> 61 | AA28: =IF(Z28=0,"",COUNTIFS(Trades!$A$2:$A$2161,"SILVER",Trades!$B$2:$B$2161,"U1",Trades!$E$2:$E$2161,">="&DATE(2026,1,1),Trades!$E$2:$E$2161,"<"&DATE(2027,1,1),Trades!$M$2:$M$2161,1)/Z28) -> 0.6557377 | AB28: =SUMIFS(AB$5:AB$25,$A$5:$A$25,">="&DATE(2026,1,1),$A$5:$A$25,"<"&DATE(2027,1,1)) -> 3131769.6 | AD28: =SUMIFS(AD$5:AD$25,$A$5:$A$25,">="&DATE(2026,1,1),$A$5:$A$25,"<"&DATE(2027,1,1)) -> 141 | AE28: =IF(AD28=0,"",COUNTIFS(Trades!$A$2:$A$2161,"SILVER",Trades!$B$2:$B$2161,"U9",Trades!$E$2:$E$2161,">="&DATE(2026,1,1),Trades!$E$2:$E$2161,"<"&DATE(2027,1,1),Trades!$M$2:$M$2161,1)/AD28) -> 0.65957447 | AF28: =SUMIFS(AF$5:AF$25,$A$5:$A$25,">="&DATE(2026,1,1),$A$5:$A$25,"<"&DATE(2027,1,1)) -> 7303452.3 | AH28: =SUMIFS(AH$5:AH$25,$A$5:$A$25,">="&DATE(2026,1,1),$A$5:$A$25,"<"&DATE(2027,1,1)) -> 145 | AI28: =IF(AH28=0,"",COUNTIFS(Trades!$A$2:$A$2161,"SILVER",Trades!$B$2:$B$2161,"Q1",Trades!$E$2:$E$2161,">="&DATE(2026,1,1),Trades!$E$2:$E$2161,"<"&DATE(2027,1,1),Trades!$M$2:$M$2161,1)/AH28) -> 0.8137931 | AJ28: =SUMIFS(AJ$5:AJ$25,$A$5:$A$25,">="&DATE(2026,1,1),$A$5:$A$25,"<"&DATE(2027,1,1)) -> 5687354.4
A29: All months | B29: =SUMIFS(B$5:B$25,$A$5:$A$25,">="&DATE(2025,1,1),$A$5:$A$25,"<"&DATE(2027,1,1)) -> 69 | C29: =IF(B29=0,"",COUNTIFS(Trades!$A$2:$A$2161,"SILVER",Trades!$B$2:$B$2161,"V0",Trades!$E$2:$E$2161,">="&DATE(2025,1,1),Trades!$E$2:$E$2161,"<"&DATE(2027,1,1),Trades!$M$2:$M$2161,1)/B29) -> 0.47826087 | D29: =SUMIFS(D$5:D$25,$A$5:$A$25,">="&DATE(2025,1,1),$A$5:$A$25,"<"&DATE(2027,1,1)) -> 6378578.1 | F29: =SUMIFS(F$5:F$25,$A$5:$A$25,">="&DATE(2025,1,1),$A$5:$A$25,"<"&DATE(2027,1,1)) -> 32 | G29: =IF(F29=0,"",COUNTIFS(Trades!$A$2:$A$2161,"SILVER",Trades!$B$2:$B$2161,"V1",Trades!$E$2:$E$2161,">="&DATE(2025,1,1),Trades!$E$2:$E$2161,"<"&DATE(2027,1,1),Trades!$M$2:$M$2161,1)/F29) -> 0.59375 | H29: =SUMIFS(H$5:H$25,$A$5:$A$25,">="&DATE(2025,1,1),$A$5:$A$25,"<"&DATE(2027,1,1)) -> 5793475.8 | J29: =SUMIFS(J$5:J$25,$A$5:$A$25,">="&DATE(2025,1,1),$A$5:$A$25,"<"&DATE(2027,1,1)) -> 32 | K29: =IF(J29=0,"",COUNTIFS(Trades!$A$2:$A$2161,"SILVER",Trades!$B$2:$B$2161,"W8",Trades!$E$2:$E$2161,">="&DATE(2025,1,1),Trades!$E$2:$E$2161,"<"&DATE(2027,1,1),Trades!$M$2:$M$2161,1)/J29) -> 0.78125 | L29: =SUMIFS(L$5:L$25,$A$5:$A$25,">="&DATE(2025,1,1),$A$5:$A$25,"<"&DATE(2027,1,1)) -> 5072715.3 | N29: =SUMIFS(N$5:N$25,$A$5:$A$25,">="&DATE(2025,1,1),$A$5:$A$25,"<"&DATE(2027,1,1)) -> 16 | O29: =IF(N29=0,"",COUNTIFS(Trades!$A$2:$A$2161,"SILVER",Trades!$B$2:$B$2161,"W8C",Trades!$E$2:$E$2161,">="&DATE(2025,1,1),Trades!$E$2:$E$2161,"<"&DATE(2027,1,1),Trades!$M$2:$M$2161,1)/N29) -> 0.9375 | P29: =SUMIFS(P$5:P$25,$A$5:$A$25,">="&DATE(2025,1,1),$A$5:$A$25,"<"&DATE(2027,1,1)) -> 3316208.4 | R29: =SUMIFS(R$5:R$25,$A$5:$A$25,">="&DATE(2025,1,1),$A$5:$A$25,"<"&DATE(2027,1,1)) -> 55 | S29: =IF(R29=0,"",COUNTIFS(Trades!$A$2:$A$2161,"SILVER",Trades!$B$2:$B$2161,"T6",Trades!$E$2:$E$2161,">="&DATE(2025,1,1),Trades!$E$2:$E$2161,"<"&DATE(2027,1,1),Trades!$M$2:$M$2161,1)/R29) -> 0.65454545 | T29: =SUMIFS(T$5:T$25,$A$5:$A$25,">="&DATE(2025,1,1),$A$5:$A$25,"<"&DATE(2027,1,1)) -> 5244862.2 | V29: =SUMIFS(V$5:V$25,$A$5:$A$25,">="&DATE(2025,1,1),$A$5:$A$25,"<"&DATE(2027,1,1)) -> 73 | W29: =IF(V29=0,"",COUNTIFS(Trades!$A$2:$A$2161,"SILVER",Trades!$B$2:$B$2161,"T7",Trades!$E$2:$E$2161,">="&DATE(2025,1,1),Trades!$E$2:$E$2161,"<"&DATE(2027,1,1),Trades!$M$2:$M$2161,1)/V29) -> 0.71232877 | X29: =SUMIFS(X$5:X$25,$A$5:$A$25,">="&DATE(2025,1,1),$A$5:$A$25,"<"&DATE(2027,1,1)) -> 6679868.7 | Z29: =SUMIFS(Z$5:Z$25,$A$5:$A$25,">="&DATE(2025,1,1),$A$5:$A$25,"<"&DATE(2027,1,1)) -> 129 | AA29: =IF(Z29=0,"",COUNTIFS(Trades!$A$2:$A$2161,"SILVER",Trades!$B$2:$B$2161,"U1",Trades!$E$2:$E$2161,">="&DATE(2025,1,1),Trades!$E$2:$E$2161,"<"&DATE(2027,1,1),Trades!$M$2:$M$2161,1)/Z29) -> 0.62790698 | AB29: =SUMIFS(AB$5:AB$25,$A$5:$A$25,">="&DATE(2025,1,1),$A$5:$A$25,"<"&DATE(2027,1,1)) -> 4918910.4 | AD29: =SUMIFS(AD$5:AD$25,$A$5:$A$25,">="&DATE(2025,1,1),$A$5:$A$25,"<"&DATE(2027,1,1)) -> 340 | AE29: =IF(AD29=0,"",COUNTIFS(Trades!$A$2:$A$2161,"SILVER",Trades!$B$2:$B$2161,"U9",Trades!$E$2:$E$2161,">="&DATE(2025,1,1),Trades!$E$2:$E$2161,"<"&DATE(2027,1,1),Trades!$M$2:$M$2161,1)/AD29) -> 0.64117647 | AF29: =SUMIFS(AF$5:AF$25,$A$5:$A$25,">="&DATE(2025,1,1),$A$5:$A$25,"<"&DATE(2027,1,1)) -> 9616894.2 | AH29: =SUMIFS(AH$5:AH$25,$A$5:$A$25,">="&DATE(2025,1,1),$A$5:$A$25,"<"&DATE(2027,1,1)) -> 340 | AI29: =IF(AH29=0,"",COUNTIFS(Trades!$A$2:$A$2161,"SILVER",Trades!$B$2:$B$2161,"Q1",Trades!$E$2:$E$2161,">="&DATE(2025,1,1),Trades!$E$2:$E$2161,"<"&DATE(2027,1,1),Trades!$M$2:$M$2161,1)/AH29) -> 0.76470588 | AJ29: =SUMIFS(AJ$5:AJ$25,$A$5:$A$25,">="&DATE(2025,1,1),$A$5:$A$25,"<"&DATE(2027,1,1)) -> 7429502.1

Sheet Gold Monthly
A1: Gold - monthly backtest (P&L booked in the month a trade closes)
A2: All figures are formulas over the Trades sheet; lot size comes from Summary!B4.
A3: Month | B3: V0: Real Buy/Sell, always in | F3: V1: Day filter | J3: W8: Day filter + profit lock | N3: W8C: Day + lock + 1-bar confirm | R3: T6: W8, faster band x3/x4 (1h) | V3: T7: W8 on 30m + trend re-entry | Z3: U1: W8 on 15m chart | AD3: U9: W8 on 5m chart | AH3: Q1: 5m: 1h filter, lock 0.15R@0.3R, re-entry 120
B4: Trades | C4: Win % | D4: Net P&L (₹) | E4: Cumulative (₹) | F4: Trades | G4: Win % | H4: Net P&L (₹) | I4: Cumulative (₹) | J4: Trades | K4: Win % | L4: Net P&L (₹) | M4: Cumulative (₹) | N4: Trades | O4: Win % | P4: Net P&L (₹) | Q4: Cumulative (₹) | R4: Trades | S4: Win % | T4: Net P&L (₹) | U4: Cumulative (₹) | V4: Trades | W4: Win % | X4: Net P&L (₹) | Y4: Cumulative (₹) | Z4: Trades | AA4: Win % | AB4: Net P&L (₹) | AC4: Cumulative (₹) | AD4: Trades | AE4: Win % | AF4: Net P&L (₹) | AG4: Cumulative (₹) | AH4: Trades | AI4: Win % | AJ4: Net P&L (₹) | AK4: Cumulative (₹)
A5: 45658 | B5: =COUNTIFS(Trades!$A$2:$A$2161,"GOLD",Trades!$B$2:$B$2161,"V0",Trades!$F$2:$F$2161,$A5) -> 0 | C5: =IF(B5=0,"",COUNTIFS(Trades!$A$2:$A$2161,"GOLD",Trades!$B$2:$B$2161,"V0",Trades!$F$2:$F$2161,$A5,Trades!$M$2:$M$2161,1)/B5) | D5: =SUMIFS(Trades!$K$2:$K$2161,Trades!$A$2:$A$2161,"GOLD",Trades!$B$2:$B$2161,"V0",Trades!$F$2:$F$2161,$A5) -> 0 | E5: =D5 -> 0 | F5: =COUNTIFS(Trades!$A$2:$A$2161,"GOLD",Trades!$B$2:$B$2161,"V1",Trades!$F$2:$F$2161,$A5) -> 0 | G5: =IF(F5=0,"",COUNTIFS(Trades!$A$2:$A$2161,"GOLD",Trades!$B$2:$B$2161,"V1",Trades!$F$2:$F$2161,$A5,Trades!$M$2:$M$2161,1)/F5) | H5: =SUMIFS(Trades!$K$2:$K$2161,Trades!$A$2:$A$2161,"GOLD",Trades!$B$2:$B$2161,"V1",Trades!$F$2:$F$2161,$A5) -> 0 | I5: =H5 -> 0 | J5: =COUNTIFS(Trades!$A$2:$A$2161,"GOLD",Trades!$B$2:$B$2161,"W8",Trades!$F$2:$F$2161,$A5) -> 0 | K5: =IF(J5=0,"",COUNTIFS(Trades!$A$2:$A$2161,"GOLD",Trades!$B$2:$B$2161,"W8",Trades!$F$2:$F$2161,$A5,Trades!$M$2:$M$2161,1)/J5) | L5: =SUMIFS(Trades!$K$2:$K$2161,Trades!$A$2:$A$2161,"GOLD",Trades!$B$2:$B$2161,"W8",Trades!$F$2:$F$2161,$A5) -> 0 | M5: =L5 -> 0 | N5: =COUNTIFS(Trades!$A$2:$A$2161,"GOLD",Trades!$B$2:$B$2161,"W8C",Trades!$F$2:$F$2161,$A5) -> 0 | O5: =IF(N5=0,"",COUNTIFS(Trades!$A$2:$A$2161,"GOLD",Trades!$B$2:$B$2161,"W8C",Trades!$F$2:$F$2161,$A5,Trades!$M$2:$M$2161,1)/N5) | P5: =SUMIFS(Trades!$K$2:$K$2161,Trades!$A$2:$A$2161,"GOLD",Trades!$B$2:$B$2161,"W8C",Trades!$F$2:$F$2161,$A5) -> 0 | Q5: =P5 -> 0 | R5: =COUNTIFS(Trades!$A$2:$A$2161,"GOLD",Trades!$B$2:$B$2161,"T6",Trades!$F$2:$F$2161,$A5) -> 0 | S5: =IF(R5=0,"",COUNTIFS(Trades!$A$2:$A$2161,"GOLD",Trades!$B$2:$B$2161,"T6",Trades!$F$2:$F$2161,$A5,Trades!$M$2:$M$2161,1)/R5) | T5: =SUMIFS(Trades!$K$2:$K$2161,Trades!$A$2:$A$2161,"GOLD",Trades!$B$2:$B$2161,"T6",Trades!$F$2:$F$2161,$A5) -> 0 | U5: =T5 -> 0 | V5: =COUNTIFS(Trades!$A$2:$A$2161,"GOLD",Trades!$B$2:$B$2161,"T7",Trades!$F$2:$F$2161,$A5) -> 0 | W5: =IF(V5=0,"",COUNTIFS(Trades!$A$2:$A$2161,"GOLD",Trades!$B$2:$B$2161,"T7",Trades!$F$2:$F$2161,$A5,Trades!$M$2:$M$2161,1)/V5) | X5: =SUMIFS(Trades!$K$2:$K$2161,Trades!$A$2:$A$2161,"GOLD",Trades!$B$2:$B$2161,"T7",Trades!$F$2:$F$2161,$A5) -> 0 | Y5: =X5 -> 0 | Z5: =COUNTIFS(Trades!$A$2:$A$2161,"GOLD",Trades!$B$2:$B$2161,"U1",Trades!$F$2:$F$2161,$A5) -> 0 | AA5: =IF(Z5=0,"",COUNTIFS(Trades!$A$2:$A$2161,"GOLD",Trades!$B$2:$B$2161,"U1",Trades!$F$2:$F$2161,$A5,Trades!$M$2:$M$2161,1)/Z5) | AB5: =SUMIFS(Trades!$K$2:$K$2161,Trades!$A$2:$A$2161,"GOLD",Trades!$B$2:$B$2161,"U1",Trades!$F$2:$F$2161,$A5) -> 0 | AC5: =AB5 -> 0 | AD5: =COUNTIFS(Trades!$A$2:$A$2161,"GOLD",Trades!$B$2:$B$2161,"U9",Trades!$F$2:$F$2161,$A5) -> 2 | AE5: =IF(AD5=0,"",COUNTIFS(Trades!$A$2:$A$2161,"GOLD",Trades!$B$2:$B$2161,"U9",Trades!$F$2:$F$2161,$A5,Trades!$M$2:$M$2161,1)/AD5) -> 0 | AF5: =SUMIFS(Trades!$K$2:$K$2161,Trades!$A$2:$A$2161,"GOLD",Trades!$B$2:$B$2161,"U9",Trades!$F$2:$F$2161,$A5) -> -67448 | AG5: =AF5 -> -67448 | AH5: =COUNTIFS(Trades!$A$2:$A$2161,"GOLD",Trades!$B$2:$B$2161,"Q1",Trades!$F$2:$F$2161,$A5) -> 0 | AI5: =IF(AH5=0,"",COUNTIFS(Trades!$A$2:$A$2161,"GOLD",Trades!$B$2:$B$2161,"Q1",Trades!$F$2:$F$2161,$A5,Trades!$M$2:$M$2161,1)/AH5) | AJ5: =SUMIFS(Trades!$K$2:$K$2161,Trades!$A$2:$A$2161,"GOLD",Trades!$B$2:$B$2161,"Q1",Trades!$F$2:$F$2161,$A5) -> 0 | AK5: =AJ5 -> 0
A6: 45689 | B6: =COUNTIFS(Trades!$A$2:$A$2161,"GOLD",Trades!$B$2:$B$2161,"V0",Trades!$F$2:$F$2161,$A6) -> 3 | C6: =IF(B6=0,"",COUNTIFS(Trades!$A$2:$A$2161,"GOLD",Trades!$B$2:$B$2161,"V0",Trades!$F$2:$F$2161,$A6,Trades!$M$2:$M$2161,1)/B6) -> 0.33333333 | D6: =SUMIFS(Trades!$K$2:$K$2161,Trades!$A$2:$A$2161,"GOLD",Trades!$B$2:$B$2161,"V0",Trades!$F$2:$F$2161,$A6) -> 482841 | E6: =E5+D6 -> 482841 | F6: =COUNTIFS(Trades!$A$2:$A$2161,"GOLD",Trades!$B$2:$B$2161,"V1",Trades!$F$2:$F$2161,$A6) -> 1 | G6: =IF(F6=0,"",COUNTIFS(Trades!$A$2:$A$2161,"GOLD",Trades!$B$2:$B$2161,"V1",Trades!$F$2:$F$2161,$A6,Trades!$M$2:$M$2161,1)/F6) -> 0 | H6: =SUMIFS(Trades!$K$2:$K$2161,Trades!$A$2:$A$2161,"GOLD",Trades!$B$2:$B$2161,"V1",Trades!$F$2:$F$2161,$A6) -> -104517 | I6: =I5+H6 -> -104517 | J6: =COUNTIFS(Trades!$A$2:$A$2161,"GOLD",Trades!$B$2:$B$2161,"W8",Trades!$F$2:$F$2161,$A6) -> 1 | K6: =IF(J6=0,"",COUNTIFS(Trades!$A$2:$A$2161,"GOLD",Trades!$B$2:$B$2161,"W8",Trades!$F$2:$F$2161,$A6,Trades!$M$2:$M$2161,1)/J6) -> 0 | L6: =SUMIFS(Trades!$K$2:$K$2161,Trades!$A$2:$A$2161,"GOLD",Trades!$B$2:$B$2161,"W8",Trades!$F$2:$F$2161,$A6) -> -104517 | M6: =M5+L6 -> -104517 | N6: =COUNTIFS(Trades!$A$2:$A$2161,"GOLD",Trades!$B$2:$B$2161,"W8C",Trades!$F$2:$F$2161,$A6) -> 1 | O6: =IF(N6=0,"",COUNTIFS(Trades!$A$2:$A$2161,"GOLD",Trades!$B$2:$B$2161,"W8C",Trades!$F$2:$F$2161,$A6,Trades!$M$2:$M$2161,1)/N6) -> 0 | P6: =SUMIFS(Trades!$K$2:$K$2161,Trades!$A$2:$A$2161,"GOLD",Trades!$B$2:$B$2161,"W8C",Trades!$F$2:$F$2161,$A6) -> -117018 | Q6: =Q5+P6 -> -117018 | R6: =COUNTIFS(Trades!$A$2:$A$2161,"GOLD",Trades!$B$2:$B$2161,"T6",Trades!$F$2:$F$2161,$A6) -> 2 | S6: =IF(R6=0,"",COUNTIFS(Trades!$A$2:$A$2161,"GOLD",Trades!$B$2:$B$2161,"T6",Trades!$F$2:$F$2161,$A6,Trades!$M$2:$M$2161,1)/R6) -> 0.5 | T6: =SUMIFS(Trades!$K$2:$K$2161,Trades!$A$2:$A$2161,"GOLD",Trades!$B$2:$B$2161,"T6",Trades!$F$2:$F$2161,$A6) -> -84009 | U6: =U5+T6 -> -84009 | V6: =COUNTIFS(Trades!$A$2:$A$2161,"GOLD",Trades!$B$2:$B$2161,"T7",Trades!$F$2:$F$2161,$A6) -> 3 | W6: =IF(V6=0,"",COUNTIFS(Trades!$A$2:$A$2161,"GOLD",Trades!$B$2:$B$2161,"T7",Trades!$F$2:$F$2161,$A6,Trades!$M$2:$M$2161,1)/V6) -> 0.66666667 | X6: =SUMIFS(Trades!$K$2:$K$2161,Trades!$A$2:$A$2161,"GOLD",Trades!$B$2:$B$2161,"T7",Trades!$F$2:$F$2161,$A6) -> 1084 | Y6: =Y5+X6 -> 1084 | Z6: =COUNTIFS(Trades!$A$2:$A$2161,"GOLD",Trades!$B$2:$B$2161,"U1",Trades!$F$2:$F$2161,$A6) -> 6 | AA6: =IF(Z6=0,"",COUNTIFS(Trades!$A$2:$A$2161,"GOLD",Trades!$B$2:$B$2161,"U1",Trades!$F$2:$F$2161,$A6,Trades!$M$2:$M$2161,1)/Z6) -> 0.66666667 | AB6: =SUMIFS(Trades!$K$2:$K$2161,Trades!$A$2:$A$2161,"GOLD",Trades!$B$2:$B$2161,"U1",Trades!$F$2:$F$2161,$A6) -> -130533 | AC6: =AC5+AB6 -> -130533 | AD6: =COUNTIFS(Trades!$A$2:$A$2161,"GOLD",Trades!$B$2:$B$2161,"U9",Trades!$F$2:$F$2161,$A6) -> 19 | AE6: =IF(AD6=0,"",COUNTIFS(Trades!$A$2:$A$2161,"GOLD",Trades!$B$2:$B$2161,"U9",Trades!$F$2:$F$2161,$A6,Trades!$M$2:$M$2161,1)/AD6) -> 0.36842105 | AF6: =SUMIFS(Trades!$K$2:$K$2161,Trades!$A$2:$A$2161,"GOLD",Trades!$B$2:$B$2161,"U9",Trades!$F$2:$F$2161,$A6) -> -188247 | AG6: =AG5+AF6 -> -255695 | AH6: =COUNTIFS(Trades!$A$2:$A$2161,"GOLD",Trades!$B$2:$B$2161,"Q1",Trades!$F$2:$F$2161,$A6) -> 20 | AI6: =IF(AH6=0,"",COUNTIFS(Trades!$A$2:$A$2161,"GOLD",Trades!$B$2:$B$2161,"Q1",Trades!$F$2:$F$2161,$A6,Trades!$M$2:$M$2161,1)/AH6) -> 0.65 | AJ6: =SUMIFS(Trades!$K$2:$K$2161,Trades!$A$2:$A$2161,"GOLD",Trades!$B$2:$B$2161,"Q1",Trades!$F$2:$F$2161,$A6) -> -152402 | AK6: =AK5+AJ6 -> -152402
A7: 45717 | B7: =COUNTIFS(Trades!$A$2:$A$2161,"GOLD",Trades!$B$2:$B$2161,"V0",Trades!$F$2:$F$2161,$A7) -> 3 | C7: =IF(B7=0,"",COUNTIFS(Trades!$A$2:$A$2161,"GOLD",Trades!$B$2:$B$2161,"V0",Trades!$F$2:$F$2161,$A7,Trades!$M$2:$M$2161,1)/B7) -> 0.33333333 | D7: =SUMIFS(Trades!$K$2:$K$2161,Trades!$A$2:$A$2161,"GOLD",Trades!$B$2:$B$2161,"V0",Trades!$F$2:$F$2161,$A7) -> 45998 | E7: =E6+D7 -> 528839 | F7: =COUNTIFS(Trades!$A$2:$A$2161,"GOLD",Trades!$B$2:$B$2161,"V1",Trades!$F$2:$F$2161,$A7) -> 1 | G7: =IF(F7=0,"",COUNTIFS(Trades!$A$2:$A$2161,"GOLD",Trades!$B$2:$B$2161,"V1",Trades!$F$2:$F$2161,$A7,Trades!$M$2:$M$2161,1)/F7) -> 1 | H7: =SUMIFS(Trades!$K$2:$K$2161,Trades!$A$2:$A$2161,"GOLD",Trades!$B$2:$B$2161,"V1",Trades!$F$2:$F$2161,$A7) -> 181668 | I7: =I6+H7 -> 77151 | J7: =COUNTIFS(Trades!$A$2:$A$2161,"GOLD",Trades!$B$2:$B$2161,"W8",Trades!$F$2:$F$2161,$A7) -> 1 | K7: =IF(J7=0,"",COUNTIFS(Trades!$A$2:$A$2161,"GOLD",Trades!$B$2:$B$2161,"W8",Trades!$F$2:$F$2161,$A7,Trades!$M$2:$M$2161,1)/J7) -> 1 | L7: =SUMIFS(Trades!$K$2:$K$2161,Trades!$A$2:$A$2161,"GOLD",Trades!$B$2:$B$2161,"W8",Trades!$F$2:$F$2161,$A7) -> 181668 | M7: =M6+L7 -> 77151 | N7: =COUNTIFS(Trades!$A$2:$A$2161,"GOLD",Trades!$B$2:$B$2161,"W8C",Trades!$F$2:$F$2161,$A7) -> 1 | O7: =IF(N7=0,"",COUNTIFS(Trades!$A$2:$A$2161,"GOLD",Trades!$B$2:$B$2161,"W8C",Trades!$F$2:$F$2161,$A7,Trades!$M$2:$M$2161,1)/N7) -> 1 | P7: =SUMIFS(Trades!$K$2:$K$2161,Trades!$A$2:$A$2161,"GOLD",Trades!$B$2:$B$2161,"W8C",Trades!$F$2:$F$2161,$A7) -> 138964 | Q7: =Q6+P7 -> 21946 | R7: =COUNTIFS(Trades!$A$2:$A$2161,"GOLD",Trades!$B$2:$B$2161,"T6",Trades!$F$2:$F$2161,$A7) -> 1 | S7: =IF(R7=0,"",COUNTIFS(Trades!$A$2:$A$2161,"GOLD",Trades!$B$2:$B$2161,"T6",Trades!$F$2:$F$2161,$A7,Trades!$M$2:$M$2161,1)/R7) -> 1 | T7: =SUMIFS(Trades!$K$2:$K$2161,Trades!$A$2:$A$2161,"GOLD",Trades!$B$2:$B$2161,"T6",Trades!$F$2:$F$2161,$A7) -> 8356 | U7: =U6+T7 -> -75653 | V7: =COUNTIFS(Trades!$A$2:$A$2161,"GOLD",Trades!$B$2:$B$2161,"T7",Trades!$F$2:$F$2161,$A7) -> 3 | W7: =IF(V7=0,"",COUNTIFS(Trades!$A$2:$A$2161,"GOLD",Trades!$B$2:$B$2161,"T7",Trades!$F$2:$F$2161,$A7,Trades!$M$2:$M$2161,1)/V7) -> 0.66666667 | X7: =SUMIFS(Trades!$K$2:$K$2161,Trades!$A$2:$A$2161,"GOLD",Trades!$B$2:$B$2161,"T7",Trades!$F$2:$F$2161,$A7) -> 97157 | Y7: =Y6+X7 -> 98241 | Z7: =COUNTIFS(Trades!$A$2:$A$2161,"GOLD",Trades!$B$2:$B$2161,"U1",Trades!$F$2:$F$2161,$A7) -> 5 | AA7: =IF(Z7=0,"",COUNTIFS(Trades!$A$2:$A$2161,"GOLD",Trades!$B$2:$B$2161,"U1",Trades!$F$2:$F$2161,$A7,Trades!$M$2:$M$2161,1)/Z7) -> 0.6 | AB7: =SUMIFS(Trades!$K$2:$K$2161,Trades!$A$2:$A$2161,"GOLD",Trades!$B$2:$B$2161,"U1",Trades!$F$2:$F$2161,$A7) -> 147809 | AC7: =AC6+AB7 -> 17276 | AD7: =COUNTIFS(Trades!$A$2:$A$2161,"GOLD",Trades!$B$2:$B$2161,"U9",Trades!$F$2:$F$2161,$A7) -> 19 | AE7: =IF(AD7=0,"",COUNTIFS(Trades!$A$2:$A$2161,"GOLD",Trades!$B$2:$B$2161,"U9",Trades!$F$2:$F$2161,$A7,Trades!$M$2:$M$2161,1)/AD7) -> 0.47368421 | AF7: =SUMIFS(Trades!$K$2:$K$2161,Trades!$A$2:$A$2161,"GOLD",Trades!$B$2:$B$2161,"U9",Trades!$F$2:$F$2161,$A7) -> 187891 | AG7: =AG6+AF7 -> -67804 | AH7: =COUNTIFS(Trades!$A$2:$A$2161,"GOLD",Trades!$B$2:$B$2161,"Q1",Trades!$F$2:$F$2161,$A7) -> 18 | AI7: =IF(AH7=0,"",COUNTIFS(Trades!$A$2:$A$2161,"GOLD",Trades!$B$2:$B$2161,"Q1",Trades!$F$2:$F$2161,$A7,Trades!$M$2:$M$2161,1)/AH7) -> 0.61111111 | AJ7: =SUMIFS(Trades!$K$2:$K$2161,Trades!$A$2:$A$2161,"GOLD",Trades!$B$2:$B$2161,"Q1",Trades!$F$2:$F$2161,$A7) -> 48043 | AK7: =AK6+AJ7 -> -104359
A8: 45748 | B8: =COUNTIFS(Trades!$A$2:$A$2161,"GOLD",Trades!$B$2:$B$2161,"V0",Trades!$F$2:$F$2161,$A8) -> 3 | C8: =IF(B8=0,"",COUNTIFS(Trades!$A$2:$A$2161,"GOLD",Trades!$B$2:$B$2161,"V0",Trades!$F$2:$F$2161,$A8,Trades!$M$2:$M$2161,1)/B8) -> 0.66666667 | D8: =SUMIFS(Trades!$K$2:$K$2161,Trades!$A$2:$A$2161,"GOLD",Trades!$B$2:$B$2161,"V0",Trades!$F$2:$F$2161,$A8) -> 588465 | E8: =E7+D8 -> 1117304 | F8: =COUNTIFS(Trades!$A$2:$A$2161,"GOLD",Trades!$B$2:$B$2161,"V1",Trades!$F$2:$F$2161,$A8) -> 2 | G8: =IF(F8=0,"",COUNTIFS(Trades!$A$2:$A$2161,"GOLD",Trades!$B$2:$B$2161,"V1",Trades!$F$2:$F$2161,$A8,Trades!$M$2:$M$2161,1)/F8) -> 1 | H8: =SUMIFS(Trades!$K$2:$K$2161,Trades!$A$2:$A$2161,"GOLD",Trades!$B$2:$B$2161,"V1",Trades!$F$2:$F$2161,$A8) -> 691060 | I8: =I7+H8 -> 768211 | J8: =COUNTIFS(Trades!$A$2:$A$2161,"GOLD",Trades!$B$2:$B$2161,"W8",Trades!$F$2:$F$2161,$A8) -> 2 | K8: =IF(J8=0,"",COUNTIFS(Trades!$A$2:$A$2161,"GOLD",Trades!$B$2:$B$2161,"W8",Trades!$F$2:$F$2161,$A8,Trades!$M$2:$M$2161,1)/J8) -> 1 | L8: =SUMIFS(Trades!$K$2:$K$2161,Trades!$A$2:$A$2161,"GOLD",Trades!$B$2:$B$2161,"W8",Trades!$F$2:$F$2161,$A8) -> 691060 | M8: =M7+L8 -> 768211 | N8: =COUNTIFS(Trades!$A$2:$A$2161,"GOLD",Trades!$B$2:$B$2161,"W8C",Trades!$F$2:$F$2161,$A8) -> 0 | O8: =IF(N8=0,"",COUNTIFS(Trades!$A$2:$A$2161,"GOLD",Trades!$B$2:$B$2161,"W8C",Trades!$F$2:$F$2161,$A8,Trades!$M$2:$M$2161,1)/N8) | P8: =SUMIFS(Trades!$K$2:$K$2161,Trades!$A$2:$A$2161,"GOLD",Trades!$B$2:$B$2161,"W8C",Trades!$F$2:$F$2161,$A8) -> 0 | Q8: =Q7+P8 -> 21946 | R8: =COUNTIFS(Trades!$A$2:$A$2161,"GOLD",Trades!$B$2:$B$2161,"T6",Trades!$F$2:$F$2161,$A8) -> 4 | S8: =IF(R8=0,"",COUNTIFS(Trades!$A$2:$A$2161,"GOLD",Trades!$B$2:$B$2161,"T6",Trades!$F$2:$F$2161,$A8,Trades!$M$2:$M$2161,1)/R8) -> 0.75 | T8: =SUMIFS(Trades!$K$2:$K$2161,Trades!$A$2:$A$2161,"GOLD",Trades!$B$2:$B$2161,"T6",Trades!$F$2:$F$2161,$A8) -> 597446 | U8: =U7+T8 -> 521793 | V8: =COUNTIFS(Trades!$A$2:$A$2161,"GOLD",Trades!$B$2:$B$2161,"T7",Trades!$F$2:$F$2161,$A8) -> 5 | W8: =IF(V8=0,"",COUNTIFS(Trades!$A$2:$A$2161,"GOLD",Trades!$B$2:$B$2161,"T7",Trades!$F$2:$F$2161,$A8,Trades!$M$2:$M$2161,1)/V8) -> 0.6 | X8: =SUMIFS(Trades!$K$2:$K$2161,Trades!$A$2:$A$2161,"GOLD",Trades!$B$2:$B$2161,"T7",Trades!$F$2:$F$2161,$A8) -> 380747 | Y8: =Y7+X8 -> 478988 | Z8: =COUNTIFS(Trades!$A$2:$A$2161,"GOLD",Trades!$B$2:$B$2161,"U1",Trades!$F$2:$F$2161,$A8) -> 5 | AA8: =IF(Z8=0,"",COUNTIFS(Trades!$A$2:$A$2161,"GOLD",Trades!$B$2:$B$2161,"U1",Trades!$F$2:$F$2161,$A8,Trades!$M$2:$M$2161,1)/Z8) -> 0.8 | AB8: =SUMIFS(Trades!$K$2:$K$2161,Trades!$A$2:$A$2161,"GOLD",Trades!$B$2:$B$2161,"U1",Trades!$F$2:$F$2161,$A8) -> 591060 | AC8: =AC7+AB8 -> 608336 | AD8: =COUNTIFS(Trades!$A$2:$A$2161,"GOLD",Trades!$B$2:$B$2161,"U9",Trades!$F$2:$F$2161,$A8) -> 15 | AE8: =IF(AD8=0,"",COUNTIFS(Trades!$A$2:$A$2161,"GOLD",Trades!$B$2:$B$2161,"U9",Trades!$F$2:$F$2161,$A8,Trades!$M$2:$M$2161,1)/AD8) -> 0.6 | AF8: =SUMIFS(Trades!$K$2:$K$2161,Trades!$A$2:$A$2161,"GOLD",Trades!$B$2:$B$2161,"U9",Trades!$F$2:$F$2161,$A8) -> 982973 | AG8: =AG7+AF8 -> 915169 | AH8: =COUNTIFS(Trades!$A$2:$A$2161,"GOLD",Trades!$B$2:$B$2161,"Q1",Trades!$F$2:$F$2161,$A8) -> 11 | AI8: =IF(AH8=0,"",COUNTIFS(Trades!$A$2:$A$2161,"GOLD",Trades!$B$2:$B$2161,"Q1",Trades!$F$2:$F$2161,$A8,Trades!$M$2:$M$2161,1)/AH8) -> 0.72727273 | AJ8: =SUMIFS(Trades!$K$2:$K$2161,Trades!$A$2:$A$2161,"GOLD",Trades!$B$2:$B$2161,"Q1",Trades!$F$2:$F$2161,$A8) -> 656280 | AK8: =AK7+AJ8 -> 551921
A9: 45778 | B9: =COUNTIFS(Trades!$A$2:$A$2161,"GOLD",Trades!$B$2:$B$2161,"V0",Trades!$F$2:$F$2161,$A9) -> 4 | C9: =IF(B9=0,"",COUNTIFS(Trades!$A$2:$A$2161,"GOLD",Trades!$B$2:$B$2161,"V0",Trades!$F$2:$F$2161,$A9,Trades!$M$2:$M$2161,1)/B9) -> 0.5 | D9: =SUMIFS(Trades!$K$2:$K$2161,Trades!$A$2:$A$2161,"GOLD",Trades!$B$2:$B$2161,"V0",Trades!$F$2:$F$2161,$A9) -> -54474 | E9: =E8+D9 -> 1062830 | F9: =COUNTIFS(Trades!$A$2:$A$2161,"GOLD",Trades!$B$2:$B$2161,"V1",Trades!$F$2:$F$2161,$A9) -> 2 | G9: =IF(F9=0,"",COUNTIFS(Trades!$A$2:$A$2161,"GOLD",Trades!$B$2:$B$2161,"V1",Trades!$F$2:$F$2161,$A9,Trades!$M$2:$M$2161,1)/F9) -> 0.5 | H9: =SUMIFS(Trades!$K$2:$K$2161,Trades!$A$2:$A$2161,"GOLD",Trades!$B$2:$B$2161,"V1",Trades!$F$2:$F$2161,$A9) -> -85481 | I9: =I8+H9 -> 682730 | J9: =COUNTIFS(Trades!$A$2:$A$2161,"GOLD",Trades!$B$2:$B$2161,"W8",Trades!$F$2:$F$2161,$A9) -> 2 | K9: =IF(J9=0,"",COUNTIFS(Trades!$A$2:$A$2161,"GOLD",Trades!$B$2:$B$2161,"W8",Trades!$F$2:$F$2161,$A9,Trades!$M$2:$M$2161,1)/J9) -> 1 | L9: =SUMIFS(Trades!$K$2:$K$2161,Trades!$A$2:$A$2161,"GOLD",Trades!$B$2:$B$2161,"W8",Trades!$F$2:$F$2161,$A9) -> 126200 | M9: =M8+L9 -> 894411 | N9: =COUNTIFS(Trades!$A$2:$A$2161,"GOLD",Trades!$B$2:$B$2161,"W8C",Trades!$F$2:$F$2161,$A9) -> 2 | O9: =IF(N9=0,"",COUNTIFS(Trades!$A$2:$A$2161,"GOLD",Trades!$B$2:$B$2161,"W8C",Trades!$F$2:$F$2161,$A9,Trades!$M$2:$M$2161,1)/N9) -> 1 | P9: =SUMIFS(Trades!$K$2:$K$2161,Trades!$A$2:$A$2161,"GOLD",Trades!$B$2:$B$2161,"W8C",Trades!$F$2:$F$2161,$A9) -> 122059 | Q9: =Q8+P9 -> 144005 | R9: =COUNTIFS(Trades!$A$2:$A$2161,"GOLD",Trades!$B$2:$B$2161,"T6",Trades!$F$2:$F$2161,$A9) -> 2 | S9: =IF(R9=0,"",COUNTIFS(Trades!$A$2:$A$2161,"GOLD",Trades!$B$2:$B$2161,"T6",Trades!$F$2:$F$2161,$A9,Trades!$M$2:$M$2161,1)/R9) -> 1 | T9: =SUMIFS(Trades!$K$2:$K$2161,Trades!$A$2:$A$2161,"GOLD",Trades!$B$2:$B$2161,"T6",Trades!$F$2:$F$2161,$A9) -> 162228 | U9: =U8+T9 -> 684021 | V9: =COUNTIFS(Trades!$A$2:$A$2161,"GOLD",Trades!$B$2:$B$2161,"T7",Trades!$F$2:$F$2161,$A9) -> 4 | W9: =IF(V9=0,"",COUNTIFS(Trades!$A$2:$A$2161,"GOLD",Trades!$B$2:$B$2161,"T7",Trades!$F$2:$F$2161,$A9,Trades!$M$2:$M$2161,1)/V9) -> 0.5 | X9: =SUMIFS(Trades!$K$2:$K$2161,Trades!$A$2:$A$2161,"GOLD",Trades!$B$2:$B$2161,"T7",Trades!$F$2:$F$2161,$A9) -> 54559 | Y9: =Y8+X9 -> 533547 | Z9: =COUNTIFS(Trades!$A$2:$A$2161,"GOLD",Trades!$B$2:$B$2161,"U1",Trades!$F$2:$F$2161,$A9) -> 10 | AA9: =IF(Z9=0,"",COUNTIFS(Trades!$A$2:$A$2161,"GOLD",Trades!$B$2:$B$2161,"U1",Trades!$F$2:$F$2161,$A9,Trades!$M$2:$M$2161,1)/Z9) -> 0.4 | AB9: =SUMIFS(Trades!$K$2:$K$2161,Trades!$A$2:$A$2161,"GOLD",Trades!$B$2:$B$2161,"U1",Trades!$F$2:$F$2161,$A9) -> -141529 | AC9: =AC8+AB9 -> 466807 | AD9: =COUNTIFS(Trades!$A$2:$A$2161,"GOLD",Trades!$B$2:$B$2161,"U9",Trades!$F$2:$F$2161,$A9) -> 20 | AE9: =IF(AD9=0,"",COUNTIFS(Trades!$A$2:$A$2161,"GOLD",Trades!$B$2:$B$2161,"U9",Trades!$F$2:$F$2161,$A9,Trades!$M$2:$M$2161,1)/AD9) -> 0.6 | AF9: =SUMIFS(Trades!$K$2:$K$2161,Trades!$A$2:$A$2161,"GOLD",Trades!$B$2:$B$2161,"U9",Trades!$F$2:$F$2161,$A9) -> 197988 | AG9: =AG8+AF9 -> 1113157 | AH9: =COUNTIFS(Trades!$A$2:$A$2161,"GOLD",Trades!$B$2:$B$2161,"Q1",Trades!$F$2:$F$2161,$A9) -> 17 | AI9: =IF(AH9=0,"",COUNTIFS(Trades!$A$2:$A$2161,"GOLD",Trades!$B$2:$B$2161,"Q1",Trades!$F$2:$F$2161,$A9,Trades!$M$2:$M$2161,1)/AH9) -> 0.58823529 | AJ9: =SUMIFS(Trades!$K$2:$K$2161,Trades!$A$2:$A$2161,"GOLD",Trades!$B$2:$B$2161,"Q1",Trades!$F$2:$F$2161,$A9) -> -11894 | AK9: =AK8+AJ9 -> 540027
A10: 45809 | B10: =COUNTIFS(Trades!$A$2:$A$2161,"GOLD",Trades!$B$2:$B$2161,"V0",Trades!$F$2:$F$2161,$A10) -> 4 | C10: =IF(B10=0,"",COUNTIFS(Trades!$A$2:$A$2161,"GOLD",Trades!$B$2:$B$2161,"V0",Trades!$F$2:$F$2161,$A10,Trades!$M$2:$M$2161,1)/B10) -> 0.25 | D10: =SUMIFS(Trades!$K$2:$K$2161,Trades!$A$2:$A$2161,"GOLD",Trades!$B$2:$B$2161,"V0",Trades!$F$2:$F$2161,$A10) -> -206230 | E10: =E9+D10 -> 856600 | F10: =COUNTIFS(Trades!$A$2:$A$2161,"GOLD",Trades!$B$2:$B$2161,"V1",Trades!$F$2:$F$2161,$A10) -> 2 | G10: =IF(F10=0,"",COUNTIFS(Trades!$A$2:$A$2161,"GOLD",Trades!$B$2:$B$2161,"V1",Trades!$F$2:$F$2161,$A10,Trades!$M$2:$M$2161,1)/F10) -> 0.5 | H10: =SUMIFS(Trades!$K$2:$K$2161,Trades!$A$2:$A$2161,"GOLD",Trades!$B$2:$B$2161,"V1",Trades!$F$2:$F$2161,$A10) -> 8640 | I10: =I9+H10 -> 691370 | J10: =COUNTIFS(Trades!$A$2:$A$2161,"GOLD",Trades!$B$2:$B$2161,"W8",Trades!$F$2:$F$2161,$A10) -> 2 | K10: =IF(J10=0,"",COUNTIFS(Trades!$A$2:$A$2161,"GOLD",Trades!$B$2:$B$2161,"W8",Trades!$F$2:$F$2161,$A10,Trades!$M$2:$M$2161,1)/J10) -> 1 | L10: =SUMIFS(Trades!$K$2:$K$2161,Trades!$A$2:$A$2161,"GOLD",Trades!$B$2:$B$2161,"W8",Trades!$F$2:$F$2161,$A10) -> 30026 | M10: =M9+L10 -> 924437 | N10: =COUNTIFS(Trades!$A$2:$A$2161,"GOLD",Trades!$B$2:$B$2161,"W8C",Trades!$F$2:$F$2161,$A10) -> 1 | O10: =IF(N10=0,"",COUNTIFS(Trades!$A$2:$A$2161,"GOLD",Trades!$B$2:$B$2161,"W8C",Trades!$F$2:$F$2161,$A10,Trades!$M$2:$M$2161,1)/N10) -> 1 | P10: =SUMIFS(Trades!$K$2:$K$2161,Trades!$A$2:$A$2161,"GOLD",Trades!$B$2:$B$2161,"W8C",Trades!$F$2:$F$2161,$A10) -> 15754 | Q10: =Q9+P10 -> 159759 | R10: =COUNTIFS(Trades!$A$2:$A$2161,"GOLD",Trades!$B$2:$B$2161,"T6",Trades!$F$2:$F$2161,$A10) -> 3 | S10: =IF(R10=0,"",COUNTIFS(Trades!$A$2:$A$2161,"GOLD",Trades!$B$2:$B$2161,"T6",Trades!$F$2:$F$2161,$A10,Trades!$M$2:$M$2161,1)/R10) -> 0.66666667 | T10: =SUMIFS(Trades!$K$2:$K$2161,Trades!$A$2:$A$2161,"GOLD",Trades!$B$2:$B$2161,"T6",Trades!$F$2:$F$2161,$A10) -> 65631 | U10: =U9+T10 -> 749652 | V10: =COUNTIFS(Trades!$A$2:$A$2161,"GOLD",Trades!$B$2:$B$2161,"T7",Trades!$F$2:$F$2161,$A10) -> 3 | W10: =IF(V10=0,"",COUNTIFS(Trades!$A$2:$A$2161,"GOLD",Trades!$B$2:$B$2161,"T7",Trades!$F$2:$F$2161,$A10,Trades!$M$2:$M$2161,1)/V10) -> 0.66666667 | X10: =SUMIFS(Trades!$K$2:$K$2161,Trades!$A$2:$A$2161,"GOLD",Trades!$B$2:$B$2161,"T7",Trades!$F$2:$F$2161,$A10) -> 20226 | Y10: =Y9+X10 -> 553773 | Z10: =COUNTIFS(Trades!$A$2:$A$2161,"GOLD",Trades!$B$2:$B$2161,"U1",Trades!$F$2:$F$2161,$A10) -> 7 | AA10: =IF(Z10=0,"",COUNTIFS(Trades!$A$2:$A$2161,"GOLD",Trades!$B$2:$B$2161,"U1",Trades!$F$2:$F$2161,$A10,Trades!$M$2:$M$2161,1)/Z10) -> 0.57142857 | AB10: =SUMIFS(Trades!$K$2:$K$2161,Trades!$A$2:$A$2161,"GOLD",Trades!$B$2:$B$2161,"U1",Trades!$F$2:$F$2161,$A10) -> 64646 | AC10: =AC9+AB10 -> 531453 | AD10: =COUNTIFS(Trades!$A$2:$A$2161,"GOLD",Trades!$B$2:$B$2161,"U9",Trades!$F$2:$F$2161,$A10) -> 19 | AE10: =IF(AD10=0,"",COUNTIFS(Trades!$A$2:$A$2161,"GOLD",Trades!$B$2:$B$2161,"U9",Trades!$F$2:$F$2161,$A10,Trades!$M$2:$M$2161,1)/AD10) -> 0.52631579 | AF10: =SUMIFS(Trades!$K$2:$K$2161,Trades!$A$2:$A$2161,"GOLD",Trades!$B$2:$B$2161,"U9",Trades!$F$2:$F$2161,$A10) -> -120246 | AG10: =AG9+AF10 -> 992911 | AH10: =COUNTIFS(Trades!$A$2:$A$2161,"GOLD",Trades!$B$2:$B$2161,"Q1",Trades!$F$2:$F$2161,$A10) -> 14 | AI10: =IF(AH10=0,"",COUNTIFS(Trades!$A$2:$A$2161,"GOLD",Trades!$B$2:$B$2161,"Q1",Trades!$F$2:$F$2161,$A10,Trades!$M$2:$M$2161,1)/AH10) -> 0.71428571 | AJ10: =SUMIFS(Trades!$K$2:$K$2161,Trades!$A$2:$A$2161,"GOLD",Trades!$B$2:$B$2161,"Q1",Trades!$F$2:$F$2161,$A10) -> -45225 | AK10: =AK9+AJ10 -> 494802
A11: 45839 | B11: =COUNTIFS(Trades!$A$2:$A$2161,"GOLD",Trades!$B$2:$B$2161,"V0",Trades!$F$2:$F$2161,$A11) -> 7 | C11: =IF(B11=0,"",COUNTIFS(Trades!$A$2:$A$2161,"GOLD",Trades!$B$2:$B$2161,"V0",Trades!$F$2:$F$2161,$A11,Trades!$M$2:$M$2161,1)/B11) -> 0.42857143 | D11: =SUMIFS(Trades!$K$2:$K$2161,Trades!$A$2:$A$2161,"GOLD",Trades!$B$2:$B$2161,"V0",Trades!$F$2:$F$2161,$A11) -> -155577 | E11: =E10+D11 -> 701023 | F11: =COUNTIFS(Trades!$A$2:$A$2161,"GOLD",Trades!$B$2:$B$2161,"V1",Trades!$F$2:$F$2161,$A11) -> 3 | G11: =IF(F11=0,"",COUNTIFS(Trades!$A$2:$A$2161,"GOLD",Trades!$B$2:$B$2161,"V1",Trades!$F$2:$F$2161,$A11,Trades!$M$2:$M$2161,1)/F11) -> 0.33333333 | H11: =SUMIFS(Trades!$K$2:$K$2161,Trades!$A$2:$A$2161,"GOLD",Trades!$B$2:$B$2161,"V1",Trades!$F$2:$F$2161,$A11) -> -51754 | I11: =I10+H11 -> 639616 | J11: =COUNTIFS(Trades!$A$2:$A$2161,"GOLD",Trades!$B$2:$B$2161,"W8",Trades!$F$2:$F$2161,$A11) -> 3 | K11: =IF(J11=0,"",COUNTIFS(Trades!$A$2:$A$2161,"GOLD",Trades!$B$2:$B$2161,"W8",Trades!$F$2:$F$2161,$A11,Trades!$M$2:$M$2161,1)/J11) -> 0.66666667 | L11: =SUMIFS(Trades!$K$2:$K$2161,Trades!$A$2:$A$2161,"GOLD",Trades!$B$2:$B$2161,"W8",Trades!$F$2:$F$2161,$A11) -> -13661 | M11: =M10+L11 -> 910776 | N11: =COUNTIFS(Trades!$A$2:$A$2161,"GOLD",Trades!$B$2:$B$2161,"W8C",Trades!$F$2:$F$2161,$A11) -> 2 | O11: =IF(N11=0,"",COUNTIFS(Trades!$A$2:$A$2161,"GOLD",Trades!$B$2:$B$2161,"W8C",Trades!$F$2:$F$2161,$A11,Trades!$M$2:$M$2161,1)/N11) -> 1 | P11: =SUMIFS(Trades!$K$2:$K$2161,Trades!$A$2:$A$2161,"GOLD",Trades!$B$2:$B$2161,"W8C",Trades!$F$2:$F$2161,$A11) -> 58431 | Q11: =Q10+P11 -> 218190 | R11: =COUNTIFS(Trades!$A$2:$A$2161,"GOLD",Trades!$B$2:$B$2161,"T6",Trades!$F$2:$F$2161,$A11) -> 4 | S11: =IF(R11=0,"",COUNTIFS(Trades!$A$2:$A$2161,"GOLD",Trades!$B$2:$B$2161,"T6",Trades!$F$2:$F$2161,$A11,Trades!$M$2:$M$2161,1)/R11) -> 0.75 | T11: =SUMIFS(Trades!$K$2:$K$2161,Trades!$A$2:$A$2161,"GOLD",Trades!$B$2:$B$2161,"T6",Trades!$F$2:$F$2161,$A11) -> 94926 | U11: =U10+T11 -> 844578 | V11: =COUNTIFS(Trades!$A$2:$A$2161,"GOLD",Trades!$B$2:$B$2161,"T7",Trades!$F$2:$F$2161,$A11) -> 5 | W11: =IF(V11=0,"",COUNTIFS(Trades!$A$2:$A$2161,"GOLD",Trades!$B$2:$B$2161,"T7",Trades!$F$2:$F$2161,$A11,Trades!$M$2:$M$2161,1)/V11) -> 0.8 | X11: =SUMIFS(Trades!$K$2:$K$2161,Trades!$A$2:$A$2161,"GOLD",Trades!$B$2:$B$2161,"T7",Trades!$F$2:$F$2161,$A11) -> 74350 | Y11: =Y10+X11 -> 628123 | Z11: =COUNTIFS(Trades!$A$2:$A$2161,"GOLD",Trades!$B$2:$B$2161,"U1",Trades!$F$2:$F$2161,$A11) -> 6 | AA11: =IF(Z11=0,"",COUNTIFS(Trades!$A$2:$A$2161,"GOLD",Trades!$B$2:$B$2161,"U1",Trades!$F$2:$F$2161,$A11,Trades!$M$2:$M$2161,1)/Z11) -> 0.83333333 | AB11: =SUMIFS(Trades!$K$2:$K$2161,Trades!$A$2:$A$2161,"GOLD",Trades!$B$2:$B$2161,"U1",Trades!$F$2:$F$2161,$A11) -> 276251 | AC11: =AC10+AB11 -> 807704 | AD11: =COUNTIFS(Trades!$A$2:$A$2161,"GOLD",Trades!$B$2:$B$2161,"U9",Trades!$F$2:$F$2161,$A11) -> 18 | AE11: =IF(AD11=0,"",COUNTIFS(Trades!$A$2:$A$2161,"GOLD",Trades!$B$2:$B$2161,"U9",Trades!$F$2:$F$2161,$A11,Trades!$M$2:$M$2161,1)/AD11) -> 0.5 | AF11: =SUMIFS(Trades!$K$2:$K$2161,Trades!$A$2:$A$2161,"GOLD",Trades!$B$2:$B$2161,"U9",Trades!$F$2:$F$2161,$A11) -> 220140 | AG11: =AG10+AF11 -> 1213051 | AH11: =COUNTIFS(Trades!$A$2:$A$2161,"GOLD",Trades!$B$2:$B$2161,"Q1",Trades!$F$2:$F$2161,$A11) -> 22 | AI11: =IF(AH11=0,"",COUNTIFS(Trades!$A$2:$A$2161,"GOLD",Trades!$B$2:$B$2161,"Q1",Trades!$F$2:$F$2161,$A11,Trades!$M$2:$M$2161,1)/AH11) -> 0.59090909 | AJ11: =SUMIFS(Trades!$K$2:$K$2161,Trades!$A$2:$A$2161,"GOLD",Trades!$B$2:$B$2161,"Q1",Trades!$F$2:$F$2161,$A11) -> -108265 | AK11: =AK10+AJ11 -> 386537
A12: 45870 | B12: =COUNTIFS(Trades!$A$2:$A$2161,"GOLD",Trades!$B$2:$B$2161,"V0",Trades!$F$2:$F$2161,$A12) -> 2 | C12: =IF(B12=0,"",COUNTIFS(Trades!$A$2:$A$2161,"GOLD",Trades!$B$2:$B$2161,"V0",Trades!$F$2:$F$2161,$A12,Trades!$M$2:$M$2161,1)/B12) -> 1 | D12: =SUMIFS(Trades!$K$2:$K$2161,Trades!$A$2:$A$2161,"GOLD",Trades!$B$2:$B$2161,"V0",Trades!$F$2:$F$2161,$A12) -> 184005 | E12: =E11+D12 -> 885028 | F12: =COUNTIFS(Trades!$A$2:$A$2161,"GOLD",Trades!$B$2:$B$2161,"V1",Trades!$F$2:$F$2161,$A12) -> 1 | G12: =IF(F12=0,"",COUNTIFS(Trades!$A$2:$A$2161,"GOLD",Trades!$B$2:$B$2161,"V1",Trades!$F$2:$F$2161,$A12,Trades!$M$2:$M$2161,1)/F12) -> 1 | H12: =SUMIFS(Trades!$K$2:$K$2161,Trades!$A$2:$A$2161,"GOLD",Trades!$B$2:$B$2161,"V1",Trades!$F$2:$F$2161,$A12) -> 157410 | I12: =I11+H12 -> 797026 | J12: =COUNTIFS(Trades!$A$2:$A$2161,"GOLD",Trades!$B$2:$B$2161,"W8",Trades!$F$2:$F$2161,$A12) -> 1 | K12: =IF(J12=0,"",COUNTIFS(Trades!$A$2:$A$2161,"GOLD",Trades!$B$2:$B$2161,"W8",Trades!$F$2:$F$2161,$A12,Trades!$M$2:$M$2161,1)/J12) -> 1 | L12: =SUMIFS(Trades!$K$2:$K$2161,Trades!$A$2:$A$2161,"GOLD",Trades!$B$2:$B$2161,"W8",Trades!$F$2:$F$2161,$A12) -> 157410 | M12: =M11+L12 -> 1068186 | N12: =COUNTIFS(Trades!$A$2:$A$2161,"GOLD",Trades!$B$2:$B$2161,"W8C",Trades!$F$2:$F$2161,$A12) -> 1 | O12: =IF(N12=0,"",COUNTIFS(Trades!$A$2:$A$2161,"GOLD",Trades!$B$2:$B$2161,"W8C",Trades!$F$2:$F$2161,$A12,Trades!$M$2:$M$2161,1)/N12) -> 1 | P12: =SUMIFS(Trades!$K$2:$K$2161,Trades!$A$2:$A$2161,"GOLD",Trades!$B$2:$B$2161,"W8C",Trades!$F$2:$F$2161,$A12) -> 147909 | Q12: =Q11+P12 -> 366099 | R12: =COUNTIFS(Trades!$A$2:$A$2161,"GOLD",Trades!$B$2:$B$2161,"T6",Trades!$F$2:$F$2161,$A12) -> 3 | S12: =IF(R12=0,"",COUNTIFS(Trades!$A$2:$A$2161,"GOLD",Trades!$B$2:$B$2161,"T6",Trades!$F$2:$F$2161,$A12,Trades!$M$2:$M$2161,1)/R12) -> 0.66666667 | T12: =SUMIFS(Trades!$K$2:$K$2161,Trades!$A$2:$A$2161,"GOLD",Trades!$B$2:$B$2161,"T6",Trades!$F$2:$F$2161,$A12) -> 15155 | U12: =U11+T12 -> 859733 | V12: =COUNTIFS(Trades!$A$2:$A$2161,"GOLD",Trades!$B$2:$B$2161,"T7",Trades!$F$2:$F$2161,$A12) -> 3 | W12: =IF(V12=0,"",COUNTIFS(Trades!$A$2:$A$2161,"GOLD",Trades!$B$2:$B$2161,"T7",Trades!$F$2:$F$2161,$A12,Trades!$M$2:$M$2161,1)/V12) -> 1 | X12: =SUMIFS(Trades!$K$2:$K$2161,Trades!$A$2:$A$2161,"GOLD",Trades!$B$2:$B$2161,"T7",Trades!$F$2:$F$2161,$A12) -> 104195 | Y12: =Y11+X12 -> 732318 | Z12: =COUNTIFS(Trades!$A$2:$A$2161,"GOLD",Trades!$B$2:$B$2161,"U1",Trades!$F$2:$F$2161,$A12) -> 4 | AA12: =IF(Z12=0,"",COUNTIFS(Trades!$A$2:$A$2161,"GOLD",Trades!$B$2:$B$2161,"U1",Trades!$F$2:$F$2161,$A12,Trades!$M$2:$M$2161,1)/Z12) -> 0.75 | AB12: =SUMIFS(Trades!$K$2:$K$2161,Trades!$A$2:$A$2161,"GOLD",Trades!$B$2:$B$2161,"U1",Trades!$F$2:$F$2161,$A12) -> -8078 | AC12: =AC11+AB12 -> 799626 | AD12: =COUNTIFS(Trades!$A$2:$A$2161,"GOLD",Trades!$B$2:$B$2161,"U9",Trades!$F$2:$F$2161,$A12) -> 15 | AE12: =IF(AD12=0,"",COUNTIFS(Trades!$A$2:$A$2161,"GOLD",Trades!$B$2:$B$2161,"U9",Trades!$F$2:$F$2161,$A12,Trades!$M$2:$M$2161,1)/AD12) -> 0.53333333 | AF12: =SUMIFS(Trades!$K$2:$K$2161,Trades!$A$2:$A$2161,"GOLD",Trades!$B$2:$B$2161,"U9",Trades!$F$2:$F$2161,$A12) -> 27199 | AG12: =AG11+AF12 -> 1240250 | AH12: =COUNTIFS(Trades!$A$2:$A$2161,"GOLD",Trades!$B$2:$B$2161,"Q1",Trades!$F$2:$F$2161,$A12) -> 12 | AI12: =IF(AH12=0,"",COUNTIFS(Trades!$A$2:$A$2161,"GOLD",Trades!$B$2:$B$2161,"Q1",Trades!$F$2:$F$2161,$A12,Trades!$M$2:$M$2161,1)/AH12) -> 0.83333333 | AJ12: =SUMIFS(Trades!$K$2:$K$2161,Trades!$A$2:$A$2161,"GOLD",Trades!$B$2:$B$2161,"Q1",Trades!$F$2:$F$2161,$A12) -> 48135 | AK12: =AK11+AJ12 -> 434672
A13: 45901 | B13: =COUNTIFS(Trades!$A$2:$A$2161,"GOLD",Trades!$B$2:$B$2161,"V0",Trades!$F$2:$F$2161,$A13) -> 2 | C13: =IF(B13=0,"",COUNTIFS(Trades!$A$2:$A$2161,"GOLD",Trades!$B$2:$B$2161,"V0",Trades!$F$2:$F$2161,$A13,Trades!$M$2:$M$2161,1)/B13) -> 0.5 | D13: =SUMIFS(Trades!$K$2:$K$2161,Trades!$A$2:$A$2161,"GOLD",Trades!$B$2:$B$2161,"V0",Trades!$F$2:$F$2161,$A13) -> 692817 | E13: =E12+D13 -> 1577845 | F13: =COUNTIFS(Trades!$A$2:$A$2161,"GOLD",Trades!$B$2:$B$2161,"V1",Trades!$F$2:$F$2161,$A13) -> 1 | G13: =IF(F13=0,"",COUNTIFS(Trades!$A$2:$A$2161,"GOLD",Trades!$B$2:$B$2161,"V1",Trades!$F$2:$F$2161,$A13,Trades!$M$2:$M$2161,1)/F13) -> 1 | H13: =SUMIFS(Trades!$K$2:$K$2161,Trades!$A$2:$A$2161,"GOLD",Trades!$B$2:$B$2161,"V1",Trades!$F$2:$F$2161,$A13) -> 870211 | I13: =I12+H13 -> 1667237 | J13: =COUNTIFS(Trades!$A$2:$A$2161,"GOLD",Trades!$B$2:$B$2161,"W8",Trades!$F$2:$F$2161,$A13) -> 1 | K13: =IF(J13=0,"",COUNTIFS(Trades!$A$2:$A$2161,"GOLD",Trades!$B$2:$B$2161,"W8",Trades!$F$2:$F$2161,$A13,Trades!$M$2:$M$2161,1)/J13) -> 1 | L13: =SUMIFS(Trades!$K$2:$K$2161,Trades!$A$2:$A$2161,"GOLD",Trades!$B$2:$B$2161,"W8",Trades!$F$2:$F$2161,$A13) -> 870211 | M13: =M12+L13 -> 1938397 | N13: =COUNTIFS(Trades!$A$2:$A$2161,"GOLD",Trades!$B$2:$B$2161,"W8C",Trades!$F$2:$F$2161,$A13) -> 1 | O13: =IF(N13=0,"",COUNTIFS(Trades!$A$2:$A$2161,"GOLD",Trades!$B$2:$B$2161,"W8C",Trades!$F$2:$F$2161,$A13,Trades!$M$2:$M$2161,1)/N13) -> 1 | P13: =SUMIFS(Trades!$K$2:$K$2161,Trades!$A$2:$A$2161,"GOLD",Trades!$B$2:$B$2161,"W8C",Trades!$F$2:$F$2161,$A13) -> 838408 | Q13: =Q12+P13 -> 1204507 | R13: =COUNTIFS(Trades!$A$2:$A$2161,"GOLD",Trades!$B$2:$B$2161,"T6",Trades!$F$2:$F$2161,$A13) -> 4 | S13: =IF(R13=0,"",COUNTIFS(Trades!$A$2:$A$2161,"GOLD",Trades!$B$2:$B$2161,"T6",Trades!$F$2:$F$2161,$A13,Trades!$M$2:$M$2161,1)/R13) -> 1 | T13: =SUMIFS(Trades!$K$2:$K$2161,Trades!$A$2:$A$2161,"GOLD",Trades!$B$2:$B$2161,"T6",Trades!$F$2:$F$2161,$A13) -> 1210458 | U13: =U12+T13 -> 2070191 | V13: =COUNTIFS(Trades!$A$2:$A$2161,"GOLD",Trades!$B$2:$B$2161,"T7",Trades!$F$2:$F$2161,$A13) -> 4 | W13: =IF(V13=0,"",COUNTIFS(Trades!$A$2:$A$2161,"GOLD",Trades!$B$2:$B$2161,"T7",Trades!$F$2:$F$2161,$A13,Trades!$M$2:$M$2161,1)/V13) -> 1 | X13: =SUMIFS(Trades!$K$2:$K$2161,Trades!$A$2:$A$2161,"GOLD",Trades!$B$2:$B$2161,"T7",Trades!$F$2:$F$2161,$A13) -> 1186558 | Y13: =Y12+X13 -> 1918876 | Z13: =COUNTIFS(Trades!$A$2:$A$2161,"GOLD",Trades!$B$2:$B$2161,"U1",Trades!$F$2:$F$2161,$A13) -> 5 | AA13: =IF(Z13=0,"",COUNTIFS(Trades!$A$2:$A$2161,"GOLD",Trades!$B$2:$B$2161,"U1",Trades!$F$2:$F$2161,$A13,Trades!$M$2:$M$2161,1)/Z13) -> 0.8 | AB13: =SUMIFS(Trades!$K$2:$K$2161,Trades!$A$2:$A$2161,"GOLD",Trades!$B$2:$B$2161,"U1",Trades!$F$2:$F$2161,$A13) -> 521905 | AC13: =AC12+AB13 -> 1321531 | AD13: =COUNTIFS(Trades!$A$2:$A$2161,"GOLD",Trades!$B$2:$B$2161,"U9",Trades!$F$2:$F$2161,$A13) -> 17 | AE13: =IF(AD13=0,"",COUNTIFS(Trades!$A$2:$A$2161,"GOLD",Trades!$B$2:$B$2161,"U9",Trades!$F$2:$F$2161,$A13,Trades!$M$2:$M$2161,1)/AD13) -> 0.88235294 | AF13: =SUMIFS(Trades!$K$2:$K$2161,Trades!$A$2:$A$2161,"GOLD",Trades!$B$2:$B$2161,"U9",Trades!$F$2:$F$2161,$A13) -> 889194 | AG13: =AG12+AF13 -> 2129444 | AH13: =COUNTIFS(Trades!$A$2:$A$2161,"GOLD",Trades!$B$2:$B$2161,"Q1",Trades!$F$2:$F$2161,$A13) -> 26 | AI13: =IF(AH13=0,"",COUNTIFS(Trades!$A$2:$A$2161,"GOLD",Trades!$B$2:$B$2161,"Q1",Trades!$F$2:$F$2161,$A13,Trades!$M$2:$M$2161,1)/AH13) -> 0.76923077 | AJ13: =SUMIFS(Trades!$K$2:$K$2161,Trades!$A$2:$A$2161,"GOLD",Trades!$B$2:$B$2161,"Q1",Trades!$F$2:$F$2161,$A13) -> 782916 | AK13: =AK12+AJ13 -> 1217588
A14: 45931 | B14: =COUNTIFS(Trades!$A$2:$A$2161,"GOLD",Trades!$B$2:$B$2161,"V0",Trades!$F$2:$F$2161,$A14) -> 3 | C14: =IF(B14=0,"",COUNTIFS(Trades!$A$2:$A$2161,"GOLD",Trades!$B$2:$B$2161,"V0",Trades!$F$2:$F$2161,$A14,Trades!$M$2:$M$2161,1)/B14) -> 0.66666667 | D14: =SUMIFS(Trades!$K$2:$K$2161,Trades!$A$2:$A$2161,"GOLD",Trades!$B$2:$B$2161,"V0",Trades!$F$2:$F$2161,$A14) -> 982511 | E14: =E13+D14 -> 2560356 | F14: =COUNTIFS(Trades!$A$2:$A$2161,"GOLD",Trades!$B$2:$B$2161,"V1",Trades!$F$2:$F$2161,$A14) -> 2 | G14: =IF(F14=0,"",COUNTIFS(Trades!$A$2:$A$2161,"GOLD",Trades!$B$2:$B$2161,"V1",Trades!$F$2:$F$2161,$A14,Trades!$M$2:$M$2161,1)/F14) -> 1 | H14: =SUMIFS(Trades!$K$2:$K$2161,Trades!$A$2:$A$2161,"GOLD",Trades!$B$2:$B$2161,"V1",Trades!$F$2:$F$2161,$A14) -> 1298355 | I14: =I13+H14 -> 2965592 | J14: =COUNTIFS(Trades!$A$2:$A$2161,"GOLD",Trades!$B$2:$B$2161,"W8",Trades!$F$2:$F$2161,$A14) -> 2 | K14: =IF(J14=0,"",COUNTIFS(Trades!$A$2:$A$2161,"GOLD",Trades!$B$2:$B$2161,"W8",Trades!$F$2:$F$2161,$A14,Trades!$M$2:$M$2161,1)/J14) -> 1 | L14: =SUMIFS(Trades!$K$2:$K$2161,Trades!$A$2:$A$2161,"GOLD",Trades!$B$2:$B$2161,"W8",Trades!$F$2:$F$2161,$A14) -> 1298355 | M14: =M13+L14 -> 3236752 | N14: =COUNTIFS(Trades!$A$2:$A$2161,"GOLD",Trades!$B$2:$B$2161,"W8C",Trades!$F$2:$F$2161,$A14) -> 1 | O14: =IF(N14=0,"",COUNTIFS(Trades!$A$2:$A$2161,"GOLD",Trades!$B$2:$B$2161,"W8C",Trades!$F$2:$F$2161,$A14,Trades!$M$2:$M$2161,1)/N14) -> 1 | P14: =SUMIFS(Trades!$K$2:$K$2161,Trades!$A$2:$A$2161,"GOLD",Trades!$B$2:$B$2161,"W8C",Trades!$F$2:$F$2161,$A14) -> 827772 | Q14: =Q13+P14 -> 2032279 | R14: =COUNTIFS(Trades!$A$2:$A$2161,"GOLD",Trades!$B$2:$B$2161,"T6",Trades!$F$2:$F$2161,$A14) -> 3 | S14: =IF(R14=0,"",COUNTIFS(Trades!$A$2:$A$2161,"GOLD",Trades!$B$2:$B$2161,"T6",Trades!$F$2:$F$2161,$A14,Trades!$M$2:$M$2161,1)/R14) -> 0.66666667 | T14: =SUMIFS(Trades!$K$2:$K$2161,Trades!$A$2:$A$2161,"GOLD",Trades!$B$2:$B$2161,"T6",Trades!$F$2:$F$2161,$A14) -> -176619 | U14: =U13+T14 -> 1893572 | V14: =COUNTIFS(Trades!$A$2:$A$2161,"GOLD",Trades!$B$2:$B$2161,"T7",Trades!$F$2:$F$2161,$A14) -> 3 | W14: =IF(V14=0,"",COUNTIFS(Trades!$A$2:$A$2161,"GOLD",Trades!$B$2:$B$2161,"T7",Trades!$F$2:$F$2161,$A14,Trades!$M$2:$M$2161,1)/V14) -> 0.66666667 | X14: =SUMIFS(Trades!$K$2:$K$2161,Trades!$A$2:$A$2161,"GOLD",Trades!$B$2:$B$2161,"T7",Trades!$F$2:$F$2161,$A14) -> 720299 | Y14: =Y13+X14 -> 2639175 | Z14: =COUNTIFS(Trades!$A$2:$A$2161,"GOLD",Trades!$B$2:$B$2161,"U1",Trades!$F$2:$F$2161,$A14) -> 6 | AA14: =IF(Z14=0,"",COUNTIFS(Trades!$A$2:$A$2161,"GOLD",Trades!$B$2:$B$2161,"U1",Trades!$F$2:$F$2161,$A14,Trades!$M$2:$M$2161,1)/Z14) -> 0.66666667 | AB14: =SUMIFS(Trades!$K$2:$K$2161,Trades!$A$2:$A$2161,"GOLD",Trades!$B$2:$B$2161,"U1",Trades!$F$2:$F$2161,$A14) -> 275167 | AC14: =AC13+AB14 -> 1596698 | AD14: =COUNTIFS(Trades!$A$2:$A$2161,"GOLD",Trades!$B$2:$B$2161,"U9",Trades!$F$2:$F$2161,$A14) -> 15 | AE14: =IF(AD14=0,"",COUNTIFS(Trades!$A$2:$A$2161,"GOLD",Trades!$B$2:$B$2161,"U9",Trades!$F$2:$F$2161,$A14,Trades!$M$2:$M$2161,1)/AD14) -> 0.8 | AF14: =SUMIFS(Trades!$K$2:$K$2161,Trades!$A$2:$A$2161,"GOLD",Trades!$B$2:$B$2161,"U9",Trades!$F$2:$F$2161,$A14) -> 358700 | AG14: =AG13+AF14 -> 2488144 | AH14: =COUNTIFS(Trades!$A$2:$A$2161,"GOLD",Trades!$B$2:$B$2161,"Q1",Trades!$F$2:$F$2161,$A14) -> 13 | AI14: =IF(AH14=0,"",COUNTIFS(Trades!$A$2:$A$2161,"GOLD",Trades!$B$2:$B$2161,"Q1",Trades!$F$2:$F$2161,$A14,Trades!$M$2:$M$2161,1)/AH14) -> 1 | AJ14: =SUMIFS(Trades!$K$2:$K$2161,Trades!$A$2:$A$2161,"GOLD",Trades!$B$2:$B$2161,"Q1",Trades!$F$2:$F$2161,$A14) -> 621344 | AK14: =AK13+AJ14 -> 1838932
A15: 45962 | B15: =COUNTIFS(Trades!$A$2:$A$2161,"GOLD",Trades!$B$2:$B$2161,"V0",Trades!$F$2:$F$2161,$A15) -> 3 | C15: =IF(B15=0,"",COUNTIFS(Trades!$A$2:$A$2161,"GOLD",Trades!$B$2:$B$2161,"V0",Trades!$F$2:$F$2161,$A15,Trades!$M$2:$M$2161,1)/B15) -> 0.66666667 | D15: =SUMIFS(Trades!$K$2:$K$2161,Trades!$A$2:$A$2161,"GOLD",Trades!$B$2:$B$2161,"V0",Trades!$F$2:$F$2161,$A15) -> 510423 | E15: =E14+D15 -> 3070779 | F15: =COUNTIFS(Trades!$A$2:$A$2161,"GOLD",Trades!$B$2:$B$2161,"V1",Trades!$F$2:$F$2161,$A15) -> 1 | G15: =IF(F15=0,"",COUNTIFS(Trades!$A$2:$A$2161,"GOLD",Trades!$B$2:$B$2161,"V1",Trades!$F$2:$F$2161,$A15,Trades!$M$2:$M$2161,1)/F15) -> 1 | H15: =SUMIFS(Trades!$K$2:$K$2161,Trades!$A$2:$A$2161,"GOLD",Trades!$B$2:$B$2161,"V1",Trades!$F$2:$F$2161,$A15) -> 108829 | I15: =I14+H15 -> 3074421 | J15: =COUNTIFS(Trades!$A$2:$A$2161,"GOLD",Trades!$B$2:$B$2161,"W8",Trades!$F$2:$F$2161,$A15) -> 1 | K15: =IF(J15=0,"",COUNTIFS(Trades!$A$2:$A$2161,"GOLD",Trades!$B$2:$B$2161,"W8",Trades!$F$2:$F$2161,$A15,Trades!$M$2:$M$2161,1)/J15) -> 1 | L15: =SUMIFS(Trades!$K$2:$K$2161,Trades!$A$2:$A$2161,"GOLD",Trades!$B$2:$B$2161,"W8",Trades!$F$2:$F$2161,$A15) -> 108829 | M15: =M14+L15 -> 3345581 | N15: =COUNTIFS(Trades!$A$2:$A$2161,"GOLD",Trades!$B$2:$B$2161,"W8C",Trades!$F$2:$F$2161,$A15) -> 1 | O15: =IF(N15=0,"",COUNTIFS(Trades!$A$2:$A$2161,"GOLD",Trades!$B$2:$B$2161,"W8C",Trades!$F$2:$F$2161,$A15,Trades!$M$2:$M$2161,1)/N15) -> 1 | P15: =SUMIFS(Trades!$K$2:$K$2161,Trades!$A$2:$A$2161,"GOLD",Trades!$B$2:$B$2161,"W8C",Trades!$F$2:$F$2161,$A15) -> 103328 | Q15: =Q14+P15 -> 2135607 | R15: =COUNTIFS(Trades!$A$2:$A$2161,"GOLD",Trades!$B$2:$B$2161,"T6",Trades!$F$2:$F$2161,$A15) -> 3 | S15: =IF(R15=0,"",COUNTIFS(Trades!$A$2:$A$2161,"GOLD",Trades!$B$2:$B$2161,"T6",Trades!$F$2:$F$2161,$A15,Trades!$M$2:$M$2161,1)/R15) -> 0.33333333 | T15: =SUMIFS(Trades!$K$2:$K$2161,Trades!$A$2:$A$2161,"GOLD",Trades!$B$2:$B$2161,"T6",Trades!$F$2:$F$2161,$A15) -> -350577 | U15: =U14+T15 -> 1542995 | V15: =COUNTIFS(Trades!$A$2:$A$2161,"GOLD",Trades!$B$2:$B$2161,"T7",Trades!$F$2:$F$2161,$A15) -> 3 | W15: =IF(V15=0,"",COUNTIFS(Trades!$A$2:$A$2161,"GOLD",Trades!$B$2:$B$2161,"T7",Trades!$F$2:$F$2161,$A15,Trades!$M$2:$M$2161,1)/V15) -> 0.33333333 | X15: =SUMIFS(Trades!$K$2:$K$2161,Trades!$A$2:$A$2161,"GOLD",Trades!$B$2:$B$2161,"T7",Trades!$F$2:$F$2161,$A15) -> -55649 | Y15: =Y14+X15 -> 2583526 | Z15: =COUNTIFS(Trades!$A$2:$A$2161,"GOLD",Trades!$B$2:$B$2161,"U1",Trades!$F$2:$F$2161,$A15) -> 5 | AA15: =IF(Z15=0,"",COUNTIFS(Trades!$A$2:$A$2161,"GOLD",Trades!$B$2:$B$2161,"U1",Trades!$F$2:$F$2161,$A15,Trades!$M$2:$M$2161,1)/Z15) -> 0.6 | AB15: =SUMIFS(Trades!$K$2:$K$2161,Trades!$A$2:$A$2161,"GOLD",Trades!$B$2:$B$2161,"U1",Trades!$F$2:$F$2161,$A15) -> 75553 | AC15: =AC14+AB15 -> 1672251 | AD15: =COUNTIFS(Trades!$A$2:$A$2161,"GOLD",Trades!$B$2:$B$2161,"U9",Trades!$F$2:$F$2161,$A15) -> 18 | AE15: =IF(AD15=0,"",COUNTIFS(Trades!$A$2:$A$2161,"GOLD",Trades!$B$2:$B$2161,"U9",Trades!$F$2:$F$2161,$A15,Trades!$M$2:$M$2161,1)/AD15) -> 0.55555556 | AF15: =SUMIFS(Trades!$K$2:$K$2161,Trades!$A$2:$A$2161,"GOLD",Trades!$B$2:$B$2161,"U9",Trades!$F$2:$F$2161,$A15) -> 236625 | AG15: =AG14+AF15 -> 2724769 | AH15: =COUNTIFS(Trades!$A$2:$A$2161,"GOLD",Trades!$B$2:$B$2161,"Q1",Trades!$F$2:$F$2161,$A15) -> 11 | AI15: =IF(AH15=0,"",COUNTIFS(Trades!$A$2:$A$2161,"GOLD",Trades!$B$2:$B$2161,"Q1",Trades!$F$2:$F$2161,$A15,Trades!$M$2:$M$2161,1)/AH15) -> 0.81818182 | AJ15: =SUMIFS(Trades!$K$2:$K$2161,Trades!$A$2:$A$2161,"GOLD",Trades!$B$2:$B$2161,"Q1",Trades!$F$2:$F$2161,$A15) -> 233797 | AK15: =AK14+AJ15 -> 2072729
A16: 45992 | B16: =COUNTIFS(Trades!$A$2:$A$2161,"GOLD",Trades!$B$2:$B$2161,"V0",Trades!$F$2:$F$2161,$A16) -> 1 | C16: =IF(B16=0,"",COUNTIFS(Trades!$A$2:$A$2161,"GOLD",Trades!$B$2:$B$2161,"V0",Trades!$F$2:$F$2161,$A16,Trades!$M$2:$M$2161,1)/B16) -> 1 | D16: =SUMIFS(Trades!$K$2:$K$2161,Trades!$A$2:$A$2161,"GOLD",Trades!$B$2:$B$2161,"V0",Trades!$F$2:$F$2161,$A16) -> 968052 | E16: =E15+D16 -> 4038831 | F16: =COUNTIFS(Trades!$A$2:$A$2161,"GOLD",Trades!$B$2:$B$2161,"V1",Trades!$F$2:$F$2161,$A16) -> 1 | G16: =IF(F16=0,"",COUNTIFS(Trades!$A$2:$A$2161,"GOLD",Trades!$B$2:$B$2161,"V1",Trades!$F$2:$F$2161,$A16,Trades!$M$2:$M$2161,1)/F16) -> 1 | H16: =SUMIFS(Trades!$K$2:$K$2161,Trades!$A$2:$A$2161,"GOLD",Trades!$B$2:$B$2161,"V1",Trades!$F$2:$F$2161,$A16) -> 968052 | I16: =I15+H16 -> 4042473 | J16: =COUNTIFS(Trades!$A$2:$A$2161,"GOLD",Trades!$B$2:$B$2161,"W8",Trades!$F$2:$F$2161,$A16) -> 1 | K16: =IF(J16=0,"",COUNTIFS(Trades!$A$2:$A$2161,"GOLD",Trades!$B$2:$B$2161,"W8",Trades!$F$2:$F$2161,$A16,Trades!$M$2:$M$2161,1)/J16) -> 1 | L16: =SUMIFS(Trades!$K$2:$K$2161,Trades!$A$2:$A$2161,"GOLD",Trades!$B$2:$B$2161,"W8",Trades!$F$2:$F$2161,$A16) -> 968052 | M16: =M15+L16 -> 4313633 | N16: =COUNTIFS(Trades!$A$2:$A$2161,"GOLD",Trades!$B$2:$B$2161,"W8C",Trades!$F$2:$F$2161,$A16) -> 0 | O16: =IF(N16=0,"",COUNTIFS(Trades!$A$2:$A$2161,"GOLD",Trades!$B$2:$B$2161,"W8C",Trades!$F$2:$F$2161,$A16,Trades!$M$2:$M$2161,1)/N16) | P16: =SUMIFS(Trades!$K$2:$K$2161,Trades!$A$2:$A$2161,"GOLD",Trades!$B$2:$B$2161,"W8C",Trades!$F$2:$F$2161,$A16) -> 0 | Q16: =Q15+P16 -> 2135607 | R16: =COUNTIFS(Trades!$A$2:$A$2161,"GOLD",Trades!$B$2:$B$2161,"T6",Trades!$F$2:$F$2161,$A16) -> 3 | S16: =IF(R16=0,"",COUNTIFS(Trades!$A$2:$A$2161,"GOLD",Trades!$B$2:$B$2161,"T6",Trades!$F$2:$F$2161,$A16,Trades!$M$2:$M$2161,1)/R16) -> 0.66666667 | T16: =SUMIFS(Trades!$K$2:$K$2161,Trades!$A$2:$A$2161,"GOLD",Trades!$B$2:$B$2161,"T6",Trades!$F$2:$F$2161,$A16) -> 543075 | U16: =U15+T16 -> 2086070 | V16: =COUNTIFS(Trades!$A$2:$A$2161,"GOLD",Trades!$B$2:$B$2161,"T7",Trades!$F$2:$F$2161,$A16) -> 4 | W16: =IF(V16=0,"",COUNTIFS(Trades!$A$2:$A$2161,"GOLD",Trades!$B$2:$B$2161,"T7",Trades!$F$2:$F$2161,$A16,Trades!$M$2:$M$2161,1)/V16) -> 1 | X16: =SUMIFS(Trades!$K$2:$K$2161,Trades!$A$2:$A$2161,"GOLD",Trades!$B$2:$B$2161,"T7",Trades!$F$2:$F$2161,$A16) -> 706784 | Y16: =Y15+X16 -> 3290310 | Z16: =COUNTIFS(Trades!$A$2:$A$2161,"GOLD",Trades!$B$2:$B$2161,"U1",Trades!$F$2:$F$2161,$A16) -> 10 | AA16: =IF(Z16=0,"",COUNTIFS(Trades!$A$2:$A$2161,"GOLD",Trades!$B$2:$B$2161,"U1",Trades!$F$2:$F$2161,$A16,Trades!$M$2:$M$2161,1)/Z16) -> 0.5 | AB16: =SUMIFS(Trades!$K$2:$K$2161,Trades!$A$2:$A$2161,"GOLD",Trades!$B$2:$B$2161,"U1",Trades!$F$2:$F$2161,$A16) -> 274529 | AC16: =AC15+AB16 -> 1946780 | AD16: =COUNTIFS(Trades!$A$2:$A$2161,"GOLD",Trades!$B$2:$B$2161,"U9",Trades!$F$2:$F$2161,$A16) -> 17 | AE16: =IF(AD16=0,"",COUNTIFS(Trades!$A$2:$A$2161,"GOLD",Trades!$B$2:$B$2161,"U9",Trades!$F$2:$F$2161,$A16,Trades!$M$2:$M$2161,1)/AD16) -> 0.64705882 | AF16: =SUMIFS(Trades!$K$2:$K$2161,Trades!$A$2:$A$2161,"GOLD",Trades!$B$2:$B$2161,"U9",Trades!$F$2:$F$2161,$A16) -> 409619 | AG16: =AG15+AF16 -> 3134388 | AH16: =COUNTIFS(Trades!$A$2:$A$2161,"GOLD",Trades!$B$2:$B$2161,"Q1",Trades!$F$2:$F$2161,$A16) -> 22 | AI16: =IF(AH16=0,"",COUNTIFS(Trades!$A$2:$A$2161,"GOLD",Trades!$B$2:$B$2161,"Q1",Trades!$F$2:$F$2161,$A16,Trades!$M$2:$M$2161,1)/AH16) -> 0.68181818 | AJ16: =SUMIFS(Trades!$K$2:$K$2161,Trades!$A$2:$A$2161,"GOLD",Trades!$B$2:$B$2161,"Q1",Trades!$F$2:$F$2161,$A16) -> 422100 | AK16: =AK15+AJ16 -> 2494829
A17: 46023 | B17: =COUNTIFS(Trades!$A$2:$A$2161,"GOLD",Trades!$B$2:$B$2161,"V0",Trades!$F$2:$F$2161,$A17) -> 4 | C17: =IF(B17=0,"",COUNTIFS(Trades!$A$2:$A$2161,"GOLD",Trades!$B$2:$B$2161,"V0",Trades!$F$2:$F$2161,$A17,Trades!$M$2:$M$2161,1)/B17) -> 0.5 | D17: =SUMIFS(Trades!$K$2:$K$2161,Trades!$A$2:$A$2161,"GOLD",Trades!$B$2:$B$2161,"V0",Trades!$F$2:$F$2161,$A17) -> 97296 | E17: =E16+D17 -> 4136127 | F17: =COUNTIFS(Trades!$A$2:$A$2161,"GOLD",Trades!$B$2:$B$2161,"V1",Trades!$F$2:$F$2161,$A17) -> 2 | G17: =IF(F17=0,"",COUNTIFS(Trades!$A$2:$A$2161,"GOLD",Trades!$B$2:$B$2161,"V1",Trades!$F$2:$F$2161,$A17,Trades!$M$2:$M$2161,1)/F17) -> 1 | H17: =SUMIFS(Trades!$K$2:$K$2161,Trades!$A$2:$A$2161,"GOLD",Trades!$B$2:$B$2161,"V1",Trades!$F$2:$F$2161,$A17) -> 1193627 | I17: =I16+H17 -> 5236100 | J17: =COUNTIFS(Trades!$A$2:$A$2161,"GOLD",Trades!$B$2:$B$2161,"W8",Trades!$F$2:$F$2161,$A17) -> 2 | K17: =IF(J17=0,"",COUNTIFS(Trades!$A$2:$A$2161,"GOLD",Trades!$B$2:$B$2161,"W8",Trades!$F$2:$F$2161,$A17,Trades!$M$2:$M$2161,1)/J17) -> 1 | L17: =SUMIFS(Trades!$K$2:$K$2161,Trades!$A$2:$A$2161,"GOLD",Trades!$B$2:$B$2161,"W8",Trades!$F$2:$F$2161,$A17) -> 1187737 | M17: =M16+L17 -> 5501370 | N17: =COUNTIFS(Trades!$A$2:$A$2161,"GOLD",Trades!$B$2:$B$2161,"W8C",Trades!$F$2:$F$2161,$A17) -> 1 | O17: =IF(N17=0,"",COUNTIFS(Trades!$A$2:$A$2161,"GOLD",Trades!$B$2:$B$2161,"W8C",Trades!$F$2:$F$2161,$A17,Trades!$M$2:$M$2161,1)/N17) -> 1 | P17: =SUMIFS(Trades!$K$2:$K$2161,Trades!$A$2:$A$2161,"GOLD",Trades!$B$2:$B$2161,"W8C",Trades!$F$2:$F$2161,$A17) -> 1097317 | Q17: =Q16+P17 -> 3232924 | R17: =COUNTIFS(Trades!$A$2:$A$2161,"GOLD",Trades!$B$2:$B$2161,"T6",Trades!$F$2:$F$2161,$A17) -> 3 | S17: =IF(R17=0,"",COUNTIFS(Trades!$A$2:$A$2161,"GOLD",Trades!$B$2:$B$2161,"T6",Trades!$F$2:$F$2161,$A17,Trades!$M$2:$M$2161,1)/R17) -> 1 | T17: =SUMIFS(Trades!$K$2:$K$2161,Trades!$A$2:$A$2161,"GOLD",Trades!$B$2:$B$2161,"T6",Trades!$F$2:$F$2161,$A17) -> 1624917 | U17: =U16+T17 -> 3710987 | V17: =COUNTIFS(Trades!$A$2:$A$2161,"GOLD",Trades!$B$2:$B$2161,"T7",Trades!$F$2:$F$2161,$A17) -> 3 | W17: =IF(V17=0,"",COUNTIFS(Trades!$A$2:$A$2161,"GOLD",Trades!$B$2:$B$2161,"T7",Trades!$F$2:$F$2161,$A17,Trades!$M$2:$M$2161,1)/V17) -> 1 | X17: =SUMIFS(Trades!$K$2:$K$2161,Trades!$A$2:$A$2161,"GOLD",Trades!$B$2:$B$2161,"T7",Trades!$F$2:$F$2161,$A17) -> 1588734 | Y17: =Y16+X17 -> 4879044 | Z17: =COUNTIFS(Trades!$A$2:$A$2161,"GOLD",Trades!$B$2:$B$2161,"U1",Trades!$F$2:$F$2161,$A17) -> 5 | AA17: =IF(Z17=0,"",COUNTIFS(Trades!$A$2:$A$2161,"GOLD",Trades!$B$2:$B$2161,"U1",Trades!$F$2:$F$2161,$A17,Trades!$M$2:$M$2161,1)/Z17) -> 0.8 | AB17: =SUMIFS(Trades!$K$2:$K$2161,Trades!$A$2:$A$2161,"GOLD",Trades!$B$2:$B$2161,"U1",Trades!$F$2:$F$2161,$A17) -> 2870294 | AC17: =AC16+AB17 -> 4817074 | AD17: =COUNTIFS(Trades!$A$2:$A$2161,"GOLD",Trades!$B$2:$B$2161,"U9",Trades!$F$2:$F$2161,$A17) -> 18 | AE17: =IF(AD17=0,"",COUNTIFS(Trades!$A$2:$A$2161,"GOLD",Trades!$B$2:$B$2161,"U9",Trades!$F$2:$F$2161,$A17,Trades!$M$2:$M$2161,1)/AD17) -> 0.44444444 | AF17: =SUMIFS(Trades!$K$2:$K$2161,Trades!$A$2:$A$2161,"GOLD",Trades!$B$2:$B$2161,"U9",Trades!$F$2:$F$2161,$A17) -> 391832 | AG17: =AG16+AF17 -> 3526220 | AH17: =COUNTIFS(Trades!$A$2:$A$2161,"GOLD",Trades!$B$2:$B$2161,"Q1",Trades!$F$2:$F$2161,$A17) -> 20 | AI17: =IF(AH17=0,"",COUNTIFS(Trades!$A$2:$A$2161,"GOLD",Trades!$B$2:$B$2161,"Q1",Trades!$F$2:$F$2161,$A17,Trades!$M$2:$M$2161,1)/AH17) -> 0.75 | AJ17: =SUMIFS(Trades!$K$2:$K$2161,Trades!$A$2:$A$2161,"GOLD",Trades!$B$2:$B$2161,"Q1",Trades!$F$2:$F$2161,$A17) -> 1851756 | AK17: =AK16+AJ17 -> 4346585
... A25: 46266 | B25: =COUNTIFS(Trades!$A$2:$A$2161,"GOLD",Trades!$B$2:$B$2161,"V0",Trades!$F$2:$F$2161,$A25) -> 4 | C25: =IF(B25=0,"",COUNTIFS(Trades!$A$2:$A$2161,"GOLD",Trades!$B$2:$B$2161,"V0",Trades!$F$2:$F$2161,$A25,Trades!$M$2:$M$2161,1)/B25) -> 0.25 | D25: =SUMIFS(Trades!$K$2:$K$2161,Trades!$A$2:$A$2161,"GOLD",Trades!$B$2:$B$2161,"V0",Trades!$F$2:$F$2161,$A25) -> -633117 | E25: =E24+D25 -> 9564695 | F25: =COUNTIFS(Trades!$A$2:$A$2161,"GOLD",Trades!$B$2:$B$2161,"V1",Trades!$F$2:$F$2161,$A25) -> 2 | G25: =IF(F25=0,"",COUNTIFS(Trades!$A$2:$A$2161,"GOLD",Trades!$B$2:$B$2161,"V1",Trades!$F$2:$F$2161,$A25,Trades!$M$2:$M$2161,1)/F25) -> 0 | H25: =SUMIFS(Trades!$K$2:$K$2161,Trades!$A$2:$A$2161,"GOLD",Trades!$B$2:$B$2161,"V1",Trades!$F$2:$F$2161,$A25) -> -762014 | I25: =I24+H25 -> 7134101 | J25: =COUNTIFS(Trades!$A$2:$A$2161,"GOLD",Trades!$B$2:$B$2161,"W8",Trades!$F$2:$F$2161,$A25) -> 2 | K25: =IF(J25=0,"",COUNTIFS(Trades!$A$2:$A$2161,"GOLD",Trades!$B$2:$B$2161,"W8",Trades!$F$2:$F$2161,$A25,Trades!$M$2:$M$2161,1)/J25) -> 0 | L25: =SUMIFS(Trades!$K$2:$K$2161,Trades!$A$2:$A$2161,"GOLD",Trades!$B$2:$B$2161,"W8",Trades!$F$2:$F$2161,$A25) -> -762014 | M25: =M24+L25 -> 5560961 | N25: =COUNTIFS(Trades!$A$2:$A$2161,"GOLD",Trades!$B$2:$B$2161,"W8C",Trades!$F$2:$F$2161,$A25) -> 1 | O25: =IF(N25=0,"",COUNTIFS(Trades!$A$2:$A$2161,"GOLD",Trades!$B$2:$B$2161,"W8C",Trades!$F$2:$F$2161,$A25,Trades!$M$2:$M$2161,1)/N25) -> 0 | P25: =SUMIFS(Trades!$K$2:$K$2161,Trades!$A$2:$A$2161,"GOLD",Trades!$B$2:$B$2161,"W8C",Trades!$F$2:$F$2161,$A25) -> -295056 | Q25: =Q24+P25 -> 4234572 | R25: =COUNTIFS(Trades!$A$2:$A$2161,"GOLD",Trades!$B$2:$B$2161,"T6",Trades!$F$2:$F$2161,$A25) -> 2 | S25: =IF(R25=0,"",COUNTIFS(Trades!$A$2:$A$2161,"GOLD",Trades!$B$2:$B$2161,"T6",Trades!$F$2:$F$2161,$A25,Trades!$M$2:$M$2161,1)/R25) -> 1 | T25: =SUMIFS(Trades!$K$2:$K$2161,Trades!$A$2:$A$2161,"GOLD",Trades!$B$2:$B$2161,"T6",Trades!$F$2:$F$2161,$A25) -> 77284 | U25: =U24+T25 -> 3186182 | V25: =COUNTIFS(Trades!$A$2:$A$2161,"GOLD",Trades!$B$2:$B$2161,"T7",Trades!$F$2:$F$2161,$A25) -> 2 | W25: =IF(V25=0,"",COUNTIFS(Trades!$A$2:$A$2161,"GOLD",Trades!$B$2:$B$2161,"T7",Trades!$F$2:$F$2161,$A25,Trades!$M$2:$M$2161,1)/V25) -> 1 | X25: =SUMIFS(Trades!$K$2:$K$2161,Trades!$A$2:$A$2161,"GOLD",Trades!$B$2:$B$2161,"T7",Trades!$F$2:$F$2161,$A25) -> 159114 | Y25: =Y24+X25 -> 4137634 | Z25: =COUNTIFS(Trades!$A$2:$A$2161,"GOLD",Trades!$B$2:$B$2161,"U1",Trades!$F$2:$F$2161,$A25) -> 6 | AA25: =IF(Z25=0,"",COUNTIFS(Trades!$A$2:$A$2161,"GOLD",Trades!$B$2:$B$2161,"U1",Trades!$F$2:$F$2161,$A25,Trades!$M$2:$M$2161,1)/Z25) -> 0.5 | AB25: =SUMIFS(Trades!$K$2:$K$2161,Trades!$A$2:$A$2161,"GOLD",Trades!$B$2:$B$2161,"U1",Trades!$F$2:$F$2161,$A25) -> -465418 | AC25: =AC24+AB25 -> 4161445 | AD25: =COUNTIFS(Trades!$A$2:$A$2161,"GOLD",Trades!$B$2:$B$2161,"U9",Trades!$F$2:$F$2161,$A25) -> 11 | AE25: =IF(AD25=0,"",COUNTIFS(Trades!$A$2:$A$2161,"GOLD",Trades!$B$2:$B$2161,"U9",Trades!$F$2:$F$2161,$A25,Trades!$M$2:$M$2161,1)/AD25) -> 0.54545455 | AF25: =SUMIFS(Trades!$K$2:$K$2161,Trades!$A$2:$A$2161,"GOLD",Trades!$B$2:$B$2161,"U9",Trades!$F$2:$F$2161,$A25) -> 55993 | AG25: =AG24+AF25 -> 4262195 | AH25: =COUNTIFS(Trades!$A$2:$A$2161,"GOLD",Trades!$B$2:$B$2161,"Q1",Trades!$F$2:$F$2161,$A25) -> 13 | AI25: =IF(AH25=0,"",COUNTIFS(Trades!$A$2:$A$2161,"GOLD",Trades!$B$2:$B$2161,"Q1",Trades!$F$2:$F$2161,$A25,Trades!$M$2:$M$2161,1)/AH25) -> 0.61538462 | AJ25: =SUMIFS(Trades!$K$2:$K$2161,Trades!$A$2:$A$2161,"GOLD",Trades!$B$2:$B$2161,"Q1",Trades!$F$2:$F$2161,$A25) -> -562167 | AK25: =AK24+AJ25 -> 4366899
A27: 2025 total | B27: =SUMIFS(B$5:B$25,$A$5:$A$25,">="&DATE(2025,1,1),$A$5:$A$25,"<"&DATE(2026,1,1)) -> 35 | C27: =IF(B27=0,"",COUNTIFS(Trades!$A$2:$A$2161,"GOLD",Trades!$B$2:$B$2161,"V0",Trades!$E$2:$E$2161,">="&DATE(2025,1,1),Trades!$E$2:$E$2161,"<"&DATE(2026,1,1),Trades!$M$2:$M$2161,1)/B27) -> 0.51428571 | D27: =SUMIFS(D$5:D$25,$A$5:$A$25,">="&DATE(2025,1,1),$A$5:$A$25,"<"&DATE(2026,1,1)) -> 4038831 | F27: =SUMIFS(F$5:F$25,$A$5:$A$25,">="&DATE(2025,1,1),$A$5:$A$25,"<"&DATE(2026,1,1)) -> 17 | G27: =IF(F27=0,"",COUNTIFS(Trades!$A$2:$A$2161,"GOLD",Trades!$B$2:$B$2161,"V1",Trades!$E$2:$E$2161,">="&DATE(2025,1,1),Trades!$E$2:$E$2161,"<"&DATE(2026,1,1),Trades!$M$2:$M$2161,1)/F27) -> 0.70588235 | H27: =SUMIFS(H$5:H$25,$A$5:$A$25,">="&DATE(2025,1,1),$A$5:$A$25,"<"&DATE(2026,1,1)) -> 4042473 | J27: =SUMIFS(J$5:J$25,$A$5:$A$25,">="&DATE(2025,1,1),$A$5:$A$25,"<"&DATE(2026,1,1)) -> 17 | K27: =IF(J27=0,"",COUNTIFS(Trades!$A$2:$A$2161,"GOLD",Trades!$B$2:$B$2161,"W8",Trades!$E$2:$E$2161,">="&DATE(2025,1,1),Trades!$E$2:$E$2161,"<"&DATE(2026,1,1),Trades!$M$2:$M$2161,1)/J27) -> 0.88235294 | L27: =SUMIFS(L$5:L$25,$A$5:$A$25,">="&DATE(2025,1,1),$A$5:$A$25,"<"&DATE(2026,1,1)) -> 4313633 | N27: =SUMIFS(N$5:N$25,$A$5:$A$25,">="&DATE(2025,1,1),$A$5:$A$25,"<"&DATE(2026,1,1)) -> 11 | O27: =IF(N27=0,"",COUNTIFS(Trades!$A$2:$A$2161,"GOLD",Trades!$B$2:$B$2161,"W8C",Trades!$E$2:$E$2161,">="&DATE(2025,1,1),Trades!$E$2:$E$2161,"<"&DATE(2026,1,1),Trades!$M$2:$M$2161,1)/N27) -> 0.90909091 | P27: =SUMIFS(P$5:P$25,$A$5:$A$25,">="&DATE(2025,1,1),$A$5:$A$25,"<"&DATE(2026,1,1)) -> 2135607 | R27: =SUMIFS(R$5:R$25,$A$5:$A$25,">="&DATE(2025,1,1),$A$5:$A$25,"<"&DATE(2026,1,1)) -> 32 | S27: =IF(R27=0,"",COUNTIFS(Trades!$A$2:$A$2161,"GOLD",Trades!$B$2:$B$2161,"T6",Trades!$E$2:$E$2161,">="&DATE(2025,1,1),Trades!$E$2:$E$2161,"<"&DATE(2026,1,1),Trades!$M$2:$M$2161,1)/R27) -> 0.71875 | T27: =SUMIFS(T$5:T$25,$A$5:$A$25,">="&DATE(2025,1,1),$A$5:$A$25,"<"&DATE(2026,1,1)) -> 2086070 | V27: =SUMIFS(V$5:V$25,$A$5:$A$25,">="&DATE(2025,1,1),$A$5:$A$25,"<"&DATE(2026,1,1)) -> 40 | W27: =IF(V27=0,"",COUNTIFS(Trades!$A$2:$A$2161,"GOLD",Trades!$B$2:$B$2161,"T7",Trades!$E$2:$E$2161,">="&DATE(2025,1,1),Trades!$E$2:$E$2161,"<"&DATE(2026,1,1),Trades!$M$2:$M$2161,1)/V27) -> 0.725 | X27: =SUMIFS(X$5:X$25,$A$5:$A$25,">="&DATE(2025,1,1),$A$5:$A$25,"<"&DATE(2026,1,1)) -> 3290310 | Z27: =SUMIFS(Z$5:Z$25,$A$5:$A$25,">="&DATE(2025,1,1),$A$5:$A$25,"<"&DATE(2026,1,1)) -> 69 | AA27: =IF(Z27=0,"",COUNTIFS(Trades!$A$2:$A$2161,"GOLD",Trades!$B$2:$B$2161,"U1",Trades!$E$2:$E$2161,">="&DATE(2025,1,1),Trades!$E$2:$E$2161,"<"&DATE(2026,1,1),Trades!$M$2:$M$2161,1)/Z27) -> 0.62318841 | AB27: =SUMIFS(AB$5:AB$25,$A$5:$A$25,">="&DATE(2025,1,1),$A$5:$A$25,"<"&DATE(2026,1,1)) -> 1946780 | AD27: =SUMIFS(AD$5:AD$25,$A$5:$A$25,">="&DATE(2025,1,1),$A$5:$A$25,"<"&DATE(2026,1,1)) -> 194 | AE27: =IF(AD27=0,"",COUNTIFS(Trades!$A$2:$A$2161,"GOLD",Trades!$B$2:$B$2161,"U9",Trades!$E$2:$E$2161,">="&DATE(2025,1,1),Trades!$E$2:$E$2161,"<"&DATE(2026,1,1),Trades!$M$2:$M$2161,1)/AD27) -> 0.57731959 | AF27: =SUMIFS(AF$5:AF$25,$A$5:$A$25,">="&DATE(2025,1,1),$A$5:$A$25,"<"&DATE(2026,1,1)) -> 3134388 | AH27: =SUMIFS(AH$5:AH$25,$A$5:$A$25,">="&DATE(2025,1,1),$A$5:$A$25,"<"&DATE(2026,1,1)) -> 186 | AI27: =IF(AH27=0,"",COUNTIFS(Trades!$A$2:$A$2161,"GOLD",Trades!$B$2:$B$2161,"Q1",Trades!$E$2:$E$2161,">="&DATE(2025,1,1),Trades!$E$2:$E$2161,"<"&DATE(2026,1,1),Trades!$M$2:$M$2161,1)/AH27) -> 0.70967742 | AJ27: =SUMIFS(AJ$5:AJ$25,$A$5:$A$25,">="&DATE(2025,1,1),$A$5:$A$25,"<"&DATE(2026,1,1)) -> 2494829
A28: 2026 total (to Sep) | B28: =SUMIFS(B$5:B$25,$A$5:$A$25,">="&DATE(2026,1,1),$A$5:$A$25,"<"&DATE(2027,1,1)) -> 24 | C28: =IF(B28=0,"",COUNTIFS(Trades!$A$2:$A$2161,"GOLD",Trades!$B$2:$B$2161,"V0",Trades!$E$2:$E$2161,">="&DATE(2026,1,1),Trades!$E$2:$E$2161,"<"&DATE(2027,1,1),Trades!$M$2:$M$2161,1)/B28) -> 0.54166667 | D28: =SUMIFS(D$5:D$25,$A$5:$A$25,">="&DATE(2026,1,1),$A$5:$A$25,"<"&DATE(2027,1,1)) -> 5525864 | F28: =SUMIFS(F$5:F$25,$A$5:$A$25,">="&DATE(2026,1,1),$A$5:$A$25,"<"&DATE(2027,1,1)) -> 11 | G28: =IF(F28=0,"",COUNTIFS(Trades!$A$2:$A$2161,"GOLD",Trades!$B$2:$B$2161,"V1",Trades!$E$2:$E$2161,">="&DATE(2026,1,1),Trades!$E$2:$E$2161,"<"&DATE(2027,1,1),Trades!$M$2:$M$2161,1)/F28) -> 0.54545455 | H28: =SUMIFS(H$5:H$25,$A$5:$A$25,">="&DATE(2026,1,1),$A$5:$A$25,"<"&DATE(2027,1,1)) -> 3091628 | J28: =SUMIFS(J$5:J$25,$A$5:$A$25,">="&DATE(2026,1,1),$A$5:$A$25,"<"&DATE(2027,1,1)) -> 11 | K28: =IF(J28=0,"",COUNTIFS(Trades!$A$2:$A$2161,"GOLD",Trades!$B$2:$B$2161,"W8",Trades!$E$2:$E$2161,">="&DATE(2026,1,1),Trades!$E$2:$E$2161,"<"&DATE(2027,1,1),Trades!$M$2:$M$2161,1)/J28) -> 0.72727273 | L28: =SUMIFS(L$5:L$25,$A$5:$A$25,">="&DATE(2026,1,1),$A$5:$A$25,"<"&DATE(2027,1,1)) -> 1247328 | N28: =SUMIFS(N$5:N$25,$A$5:$A$25,">="&DATE(2026,1,1),$A$5:$A$25,"<"&DATE(2027,1,1)) -> 7 | O28: =IF(N28=0,"",COUNTIFS(Trades!$A$2:$A$2161,"GOLD",Trades!$B$2:$B$2161,"W8C",Trades!$E$2:$E$2161,">="&DATE(2026,1,1),Trades!$E$2:$E$2161,"<"&DATE(2027,1,1),Trades!$M$2:$M$2161,1)/N28) -> 0.85714286 | P28: =SUMIFS(P$5:P$25,$A$5:$A$25,">="&DATE(2026,1,1),$A$5:$A$25,"<"&DATE(2027,1,1)) -> 2098965 | R28: =SUMIFS(R$5:R$25,$A$5:$A$25,">="&DATE(2026,1,1),$A$5:$A$25,"<"&DATE(2027,1,1)) -> 25 | S28: =IF(R28=0,"",COUNTIFS(Trades!$A$2:$A$2161,"GOLD",Trades!$B$2:$B$2161,"T6",Trades!$E$2:$E$2161,">="&DATE(2026,1,1),Trades!$E$2:$E$2161,"<"&DATE(2027,1,1),Trades!$M$2:$M$2161,1)/R28) -> 0.68 | T28: =SUMIFS(T$5:T$25,$A$5:$A$25,">="&DATE(2026,1,1),$A$5:$A$25,"<"&DATE(2027,1,1)) -> 1100112 | V28: =SUMIFS(V$5:V$25,$A$5:$A$25,">="&DATE(2026,1,1),$A$5:$A$25,"<"&DATE(2027,1,1)) -> 35 | W28: =IF(V28=0,"",COUNTIFS(Trades!$A$2:$A$2161,"GOLD",Trades!$B$2:$B$2161,"T7",Trades!$E$2:$E$2161,">="&DATE(2026,1,1),Trades!$E$2:$E$2161,"<"&DATE(2027,1,1),Trades!$M$2:$M$2161,1)/V28) -> 0.6 | X28: =SUMIFS(X$5:X$25,$A$5:$A$25,">="&DATE(2026,1,1),$A$5:$A$25,"<"&DATE(2027,1,1)) -> 847324 | Z28: =SUMIFS(Z$5:Z$25,$A$5:$A$25,">="&DATE(2026,1,1),$A$5:$A$25,"<"&DATE(2027,1,1)) -> 54 | AA28: =IF(Z28=0,"",COUNTIFS(Trades!$A$2:$A$2161,"GOLD",Trades!$B$2:$B$2161,"U1",Trades!$E$2:$E$2161,">="&DATE(2026,1,1),Trades!$E$2:$E$2161,"<"&DATE(2027,1,1),Trades!$M$2:$M$2161,1)/Z28) -> 0.61111111 | AB28: =SUMIFS(AB$5:AB$25,$A$5:$A$25,">="&DATE(2026,1,1),$A$5:$A$25,"<"&DATE(2027,1,1)) -> 2214665 | AD28: =SUMIFS(AD$5:AD$25,$A$5:$A$25,">="&DATE(2026,1,1),$A$5:$A$25,"<"&DATE(2027,1,1)) -> 148 | AE28: =IF(AD28=0,"",COUNTIFS(Trades!$A$2:$A$2161,"GOLD",Trades!$B$2:$B$2161,"U9",Trades!$E$2:$E$2161,">="&DATE(2026,1,1),Trades!$E$2:$E$2161,"<"&DATE(2027,1,1),Trades!$M$2:$M$2161,1)/AD28) -> 0.58108108 | AF28: =SUMIFS(AF$5:AF$25,$A$5:$A$25,">="&DATE(2026,1,1),$A$5:$A$25,"<"&DATE(2027,1,1)) -> 1127807 | AH28: =SUMIFS(AH$5:AH$25,$A$5:$A$25,">="&DATE(2026,1,1),$A$5:$A$25,"<"&DATE(2027,1,1)) -> 158 | AI28: =IF(AH28=0,"",COUNTIFS(Trades!$A$2:$A$2161,"GOLD",Trades!$B$2:$B$2161,"Q1",Trades!$E$2:$E$2161,">="&DATE(2026,1,1),Trades!$E$2:$E$2161,"<"&DATE(2027,1,1),Trades!$M$2:$M$2161,1)/AH28) -> 0.7278481 | AJ28: =SUMIFS(AJ$5:AJ$25,$A$5:$A$25,">="&DATE(2026,1,1),$A$5:$A$25,"<"&DATE(2027,1,1)) -> 1872070
A29: All months | B29: =SUMIFS(B$5:B$25,$A$5:$A$25,">="&DATE(2025,1,1),$A$5:$A$25,"<"&DATE(2027,1,1)) -> 59 | C29: =IF(B29=0,"",COUNTIFS(Trades!$A$2:$A$2161,"GOLD",Trades!$B$2:$B$2161,"V0",Trades!$E$2:$E$2161,">="&DATE(2025,1,1),Trades!$E$2:$E$2161,"<"&DATE(2027,1,1),Trades!$M$2:$M$2161,1)/B29) -> 0.52542373 | D29: =SUMIFS(D$5:D$25,$A$5:$A$25,">="&DATE(2025,1,1),$A$5:$A$25,"<"&DATE(2027,1,1)) -> 9564695 | F29: =SUMIFS(F$5:F$25,$A$5:$A$25,">="&DATE(2025,1,1),$A$5:$A$25,"<"&DATE(2027,1,1)) -> 28 | G29: =IF(F29=0,"",COUNTIFS(Trades!$A$2:$A$2161,"GOLD",Trades!$B$2:$B$2161,"V1",Trades!$E$2:$E$2161,">="&DATE(2025,1,1),Trades!$E$2:$E$2161,"<"&DATE(2027,1,1),Trades!$M$2:$M$2161,1)/F29) -> 0.64285714 | H29: =SUMIFS(H$5:H$25,$A$5:$A$25,">="&DATE(2025,1,1),$A$5:$A$25,"<"&DATE(2027,1,1)) -> 7134101 | J29: =SUMIFS(J$5:J$25,$A$5:$A$25,">="&DATE(2025,1,1),$A$5:$A$25,"<"&DATE(2027,1,1)) -> 28 | K29: =IF(J29=0,"",COUNTIFS(Trades!$A$2:$A$2161,"GOLD",Trades!$B$2:$B$2161,"W8",Trades!$E$2:$E$2161,">="&DATE(2025,1,1),Trades!$E$2:$E$2161,"<"&DATE(2027,1,1),Trades!$M$2:$M$2161,1)/J29) -> 0.82142857 | L29: =SUMIFS(L$5:L$25,$A$5:$A$25,">="&DATE(2025,1,1),$A$5:$A$25,"<"&DATE(2027,1,1)) -> 5560961 | N29: =SUMIFS(N$5:N$25,$A$5:$A$25,">="&DATE(2025,1,1),$A$5:$A$25,"<"&DATE(2027,1,1)) -> 18 | O29: =IF(N29=0,"",COUNTIFS(Trades!$A$2:$A$2161,"GOLD",Trades!$B$2:$B$2161,"W8C",Trades!$E$2:$E$2161,">="&DATE(2025,1,1),Trades!$E$2:$E$2161,"<"&DATE(2027,1,1),Trades!$M$2:$M$2161,1)/N29) -> 0.88888889 | P29: =SUMIFS(P$5:P$25,$A$5:$A$25,">="&DATE(2025,1,1),$A$5:$A$25,"<"&DATE(2027,1,1)) -> 4234572 | R29: =SUMIFS(R$5:R$25,$A$5:$A$25,">="&DATE(2025,1,1),$A$5:$A$25,"<"&DATE(2027,1,1)) -> 57 | S29: =IF(R29=0,"",COUNTIFS(Trades!$A$2:$A$2161,"GOLD",Trades!$B$2:$B$2161,"T6",Trades!$E$2:$E$2161,">="&DATE(2025,1,1),Trades!$E$2:$E$2161,"<"&DATE(2027,1,1),Trades!$M$2:$M$2161,1)/R29) -> 0.70175439 | T29: =SUMIFS(T$5:T$25,$A$5:$A$25,">="&DATE(2025,1,1),$A$5:$A$25,"<"&DATE(2027,1,1)) -> 3186182 | V29: =SUMIFS(V$5:V$25,$A$5:$A$25,">="&DATE(2025,1,1),$A$5:$A$25,"<"&DATE(2027,1,1)) -> 75 | W29: =IF(V29=0,"",COUNTIFS(Trades!$A$2:$A$2161,"GOLD",Trades!$B$2:$B$2161,"T7",Trades!$E$2:$E$2161,">="&DATE(2025,1,1),Trades!$E$2:$E$2161,"<"&DATE(2027,1,1),Trades!$M$2:$M$2161,1)/V29) -> 0.66666667 | X29: =SUMIFS(X$5:X$25,$A$5:$A$25,">="&DATE(2025,1,1),$A$5:$A$25,"<"&DATE(2027,1,1)) -> 4137634 | Z29: =SUMIFS(Z$5:Z$25,$A$5:$A$25,">="&DATE(2025,1,1),$A$5:$A$25,"<"&DATE(2027,1,1)) -> 123 | AA29: =IF(Z29=0,"",COUNTIFS(Trades!$A$2:$A$2161,"GOLD",Trades!$B$2:$B$2161,"U1",Trades!$E$2:$E$2161,">="&DATE(2025,1,1),Trades!$E$2:$E$2161,"<"&DATE(2027,1,1),Trades!$M$2:$M$2161,1)/Z29) -> 0.61788618 | AB29: =SUMIFS(AB$5:AB$25,$A$5:$A$25,">="&DATE(2025,1,1),$A$5:$A$25,"<"&DATE(2027,1,1)) -> 4161445 | AD29: =SUMIFS(AD$5:AD$25,$A$5:$A$25,">="&DATE(2025,1,1),$A$5:$A$25,"<"&DATE(2027,1,1)) -> 342 | AE29: =IF(AD29=0,"",COUNTIFS(Trades!$A$2:$A$2161,"GOLD",Trades!$B$2:$B$2161,"U9",Trades!$E$2:$E$2161,">="&DATE(2025,1,1),Trades!$E$2:$E$2161,"<"&DATE(2027,1,1),Trades!$M$2:$M$2161,1)/AD29) -> 0.57894737 | AF29: =SUMIFS(AF$5:AF$25,$A$5:$A$25,">="&DATE(2025,1,1),$A$5:$A$25,"<"&DATE(2027,1,1)) -> 4262195 | AH29: =SUMIFS(AH$5:AH$25,$A$5:$A$25,">="&DATE(2025,1,1),$A$5:$A$25,"<"&DATE(2027,1,1)) -> 344 | AI29: =IF(AH29=0,"",COUNTIFS(Trades!$A$2:$A$2161,"GOLD",Trades!$B$2:$B$2161,"Q1",Trades!$E$2:$E$2161,">="&DATE(2025,1,1),Trades!$E$2:$E$2161,"<"&DATE(2027,1,1),Trades!$M$2:$M$2161,1)/AH29) -> 0.71802326 | AJ29: =SUMIFS(AJ$5:AJ$25,$A$5:$A$25,">="&DATE(2025,1,1),$A$5:$A$25,"<"&DATE(2027,1,1)) -> 4366899

Sheet Notes
A1: Method and assumptions
A3: Data | B3: MCX near-month futures, 1-minute bars, 1 Jan 2025 - 23 Sep 2026 (user-supplied CSVs). Contract rolls are back-adjusted by the roll gap (like TradingView B-ADJ).
A4: Signals | B4: Reconstructed Swastika Signal on 1h bars from 09:00: SuperTrend band ATR 20, inner x5 / outer x6. These settings reproduce all 9 real Buy/Sell labels on the user's SILVER1! screenshot (Jul-Sep 2026).
A5: Day row | B5: Direction of the same band on daily bars, using the previous finished day only (no look-ahead).
A6: V0 | B6: Every Buy/Sell label, always in the market (stop-and-reverse).
A7: V1 | B7: Take Buy/Sell only when the Day row agrees; exit on the opposite label; otherwise flat.
A8: W8 | B8: V1 + once the trade is +0.5R in profit, move the stop to entry +0.1R. R = distance from entry to the outer band at entry. Checked minute by minute.
A9: W8C | B9: W8 + wait one bar after the signal and enter only if the band held and the bar closed beyond the signal bar. Chosen after seeing results; small sample (16-18 trades per metal).
A10: T6 | B10: W8 with a faster band (inner x3 / outer x4, ATR 20) on 1h. About twice the trades; no longer matches the real indicator's settings.
A11: T7 | B11: W8 on the 30m chart (real band settings) + trend re-entry: while flat and the band and Day row still agree, re-enter when a bar closes beyond the previous 20 bars' high (long) or low (short).
A12: U1 | B12: W8 rules (real band settings, Day filter, profit lock) on the 15m chart. ~6 trades/month per metal.
A13: U9 | B13: W8 rules on the 5m chart. ~16 trades/month per metal. Silver held in both years; Gold fell to PF 1.1 in 2026 and is fragile to slippage (research/ten_trades_costs.csv).
A14: Q1 | B14: 5m chart, real band. Take signals only when the 1h band AND the Day row agree; once +0.3R, lock the stop at +0.15R; while flat and all three still agree, re-enter on a close beyond the last 120 bars' (10 h) high/low. Silver: ~16 trades/month, ~76% wins, held at 20-tick slippage. Gold: win rate falls to ~59% at 20 ticks. The re-entry part was chosen after seeing results (research/fast_winrate_followup.py).
... A19: Blue / green / black | B19: Blue = values from the simulation, green = link to the Summary inputs, black = formulas.
